Vds,Ids (Vg=5.0V),Ids (Vg=7.0V),Ids (Vg=9.0V),Ids (Vg=12.9V),Ids (Vg=14.9V)
0.0463681940298507,0.1280263681592039,,,,
0.0551244427860696,0.1160864179104477,,,,
0.0573134676616915,,0.1442779004975124,,,
0.0618243084577114,,,0.1081254825870646,,
0.0842458905472637,,0.1469314129353233,,,
0.0857052039800995,,,0.1117740298507462,,
0.1017585621890547,,0.1339961542288557,,,
0.1034832338308457,,,0.1326693184079601,,
0.1046775771144278,0.105472487562189,,,,
0.1495856865671641,,0.1406298109452736,,,
0.1513763681592039,,,0.1207291990049751,,
0.1523335999999999,0.1283329799999999,,,,
0.2003316417910448,,0.1200659054726368,,,
0.2017245273631841,,,0.1223877014925373,,
0.2021887064676617,0.1651736766169154,,,,
0.2508789552238806,,,0.1422878457711442,,
0.2522718407960199,,0.1160857810945273,,,
0.2534666,0.1506661,,,,
0.3030848258706467,0.1582086019900497,,,,
0.303814527363184,,0.1402981343283582,,,
0.3047430348258706,,,0.143946487562189,,
0.351245223880597,,0.138639631840796,,,
0.3523726865671642,,,0.112105711442786,,
0.3525717412935323,0.1645101791044776,,,,
0.402321592039801,,0.1416246567164178,,,
0.4034494029850746,0.143614671641791,,,,
0.4039802985074627,,,0.1240458855721392,,
0.453267064676617,,,0.1349910248756218,,
0.4537315920398009,,0.1515749004975124,,,
0.4549332,0.111665995,,,,
0.4951904975124377,,,0.1263677711442786,,
0.4970480597014926,,0.135323,,,
0.4986399502487562,0.1489214676616915,,,,
0.5491875124378109,0.1442781890547263,,,,
0.5510447761194031,,0.1333327910447761,,,
0.5529687562189055,,,0.133664631840796,,
0.6011270646766169,,,0.1432831442786069,,
0.602121791044776,,0.1658371044776119,,,
0.6026656,0.149332985,,,,
0.6459699004975126,,0.2334984427860696,,,
0.6468325870646765,,,0.2401320945273632,,
0.6470311940298508,0.1300161691542288,,,,
0.6989715422885572,,0.3237137810945274,,,
0.7000997512437812,0.1426196865671641,,,,
0.7008293034825871,,,0.3412930049751244,,
0.7436828358208956,,,0.5389717910447761,,
0.7442135820895522,,0.50414592039801,,,
0.7469332338308458,0.1074622835820895,,,,
0.7903813930348257,,0.8245441791044776,,,
0.7927031840796019,,,0.9359885074626866,,
0.7960863681592039,0.1568818358208955,,,,
0.841724776119403,,,1.421226368159204,,
0.8464347263681592,,1.1469341293532338,,,
0.8516085572139303,0.1426200348258706,,,,
0.8895508955223881,,,1.9880606965174132,,
0.8933314427860699,,1.5512442786069651,,,
0.8958653500000001,0.12999931,,,,
0.9385074626865672,,,2.6670004975124377,,
0.9391043283582088,,1.9406313432835824,,,
0.9462025373134328,0.1661687761194029,,,,
0.97919955,,,,,4.370003
0.9806668,,,,4.031666,
0.9847421890547264,,2.3383089552238805,,,
0.9848731343283582,,,3.3369830845771147,,
0.9953550746268656,0.1502482089552238,,,,
1.024952288557214,,,,,5.452725870646766
1.027674328358209,,,,5.154218905472637,
1.0337108457711444,,,4.17379552238806,,
1.0372903980099504,,2.7936985074626866,,,
1.0386745,0.15166609,,,,
1.0708671500000002,,,,,6.5916655
1.0834497512437813,,,5.022219900497512,,
1.0859696517412936,,3.202987064676617,,,
1.0941288557213928,0.1379763184079601,,,,
1.1207940298507464,,,,,8.001658706467662
1.1312124378109454,,,5.834832338308457,,
1.13718407960199,,3.611276119402985,,,
1.1454746268656717,0.1356544029850746,,,,
1.1658363184079603,,,,,9.172469651741292
1.177776119402985,,,6.66500696517413,,
1.1830169154228856,,3.900831343283582,,,
1.1886675,0.14699945,,,,
1.2090885572139305,,,,,10.643485572139303
1.223549751243781,,,7.557550746268657,,
1.231044278606965,,4.2427890547263685,,,
1.2466990049751243,0.1366492786069651,,,,
1.2542626865671642,,,,,11.917094527363185
1.271174129353234,,,8.461693532338309,,
1.2780064676616916,,4.47231393034826,,,
1.2899865,0.123666145,,,,
1.299095024875622,,,,,13.315049751243782
1.3156850746268656,,,9.40033383084577,,
1.321592039800995,,4.663680099502487,,,
1.3373791044776122,0.1452732736318407,,,,
1.3436796019900497,,,,,14.849089552238803
1.3651766169154227,,,10.161532338308456,,
1.3768497512437812,,4.847430845771144,,,
1.3917074626865673,0.1456049303482587,,,,
1.3977437810945277,,,,,16.286880597014925
1.4164522388059702,,,11.152497512437812,,
1.4278059701492538,,5.144600995024876,,,
1.4356975124378109,,,,,17.920402985074627
1.4366243781094528,0.1538966616915422,,,,
1.4539995024875618,,,11.961507462686567,,
1.469586567164179,,5.099159701492537,,,
1.4842472636815922,,,,,19.32002487562189
1.489549751243781,0.146599855721393,,,,
1.512897014925373,,,12.817875621890549,,
1.5284223880597014,,5.142942786069651,,,
1.5298159203980095,,,,,20.912089552238804
1.5413587064676617,0.1465998009950248,,,,
1.551774626865672,,,13.632805970149253,,
1.575049253731343,,,,,22.51400497512438
1.5760388059701491,,5.1751164179104485,,,
1.5853388059701492,0.1283576467661691,,,,
1.5974119402985074,,,14.546950248756218,,
1.615657711442786,,,,,24.159194029850745
1.6232134328358208,,5.232164179104477,,,
1.6389402985074628,0.1449413333333333,,,,
1.6451726368159203,,,15.356905472636818,,
1.6653402985074628,,,,,25.840810945273635
1.678274626865672,,5.17412288557214,,,
1.6909482587064677,,,15.90278606965174,,
1.6943980099502491,0.144277895522388,,,,
1.7135776119402986,,,,,27.417905472636814
1.721201990049751,,5.209279104477612,,,
1.7360552238805969,0.1283577462686567,,,,
1.7442825870646763,,,16.92941791044776,,
1.7452746268656718,,,,,29.01155721393035
1.7710731343283586,,5.216580099502488,,,
1.7890005000000002,0.13999965,,,,
1.7921736318407964,,,17.69252736318408,,
1.804313432835821,,,,,30.59205472636816
1.823012935323383,,5.3210592039801,,,
1.8348685,0.1323327749999999,,,,
1.848031343283582,,,18.49715422885572,,
1.8518721393034827,,,,,32.36491542288557
1.8671298507462688,,5.355221890547265,,,
1.8849074626865672,0.13300107960199,,,,
1.891342786069652,,,19.2550447761194,,
1.898905472636816,,,,,34.0132736318408
1.9218562189054729,,5.268321890547263,,,
1.9396373134328355,,,,,35.86399004975124
1.9402965174129352,,,19.97212437810945,,
1.9408960199004972,0.1326692985074627,,,,
1.97457960199005,,5.291207462686567,,,
1.979162686567164,,,,,37.25532338308457
1.986733,0.1246662299999999,,,,
1.9956731343283585,,,20.63187064676617,,
2.0224915422885568,,,,,38.94363184079602
2.024080099502488,,5.4384721393034825,,,
2.0382776119402988,,,21.26434328358209,,
2.0397315000000003,0.130332815,,,,
2.074562686567164,,5.422554228855722,,,
2.0805985074626863,,,,,40.459348258706456
2.090948258706468,,,22.25103482587065,,
2.092472139303483,0.1250410298507462,,,,
2.120133333333334,,5.418242288557214,,,
2.120929353233832,,,,,42.26693532338308
2.1287577114427862,,,22.359781094527364,,
2.1325315,0.125332655,,,,
2.1687562189054725,,,,,43.7645223880597
2.169553731343284,,5.414263184079601,,,
2.1773830845771145,,,22.845467661691544,,
2.185013432835821,0.1562186865671641,,,,
2.216583582089552,,,,,45.50247761194029
2.220693532338309,,5.413600000000001,,,
2.221819402985074,,,23.340273631840795,,
2.2379407960199007,0.1127688656716418,,,,
2.251929850746268,,,,,46.94038805970149
2.2667910447761197,,5.445771144278607,,,
2.275080099502488,,,23.790258706467664,,
2.2823203980099502,0.1469317064676616,,,,
2.291143781094527,,,,,48.63683084577115
2.3230517412935323,,5.562521393034826,,,
2.328226368159204,,,24.217920398009948,,
2.3374497512437804,0.1429512537313432,,,,
2.3499184079601987,,,,,50.12435820895522
2.3709487562189056,,5.441453731343283,,,
2.3748606965174126,,,24.542960199004977,,
2.384687562189055,0.1296841741293532,,,,
2.3956313432835823,,,,,51.67161691542288
2.413734825870647,,5.441127363184078,,,
2.4242199004975125,,,24.929716417910445,,
2.431378109452736,0.1303478855721393,,,,
2.4341651741293533,,,,,53.29176616915422
2.469256218905473,,5.39237263681592,,,
2.471773631840796,,,25.18973631840796,,
2.484110945273632,,,,,55.076283582089545
2.4859044776119408,0.1290210497512438,,,,
2.5170174129353238,,5.554227860696519,,,
2.528360199004975,,,,,56.97181094527362
2.5288625,0.150332795,,,,
2.532738805970149,,,25.425875621890544,,
2.5579432835820897,,,25.68123383084578,,
2.564178109452736,,5.517081094527363,,,
2.575654726368159,,,,,58.59866666666666
2.5843487562189056,0.1187388805970149,,,,
2.611939800995025,,,25.863676616915424,,
2.6227517412935324,,,,,60.12258208955223
2.6229487562189058,,5.538307960199005,,,
2.6389355,0.14699978,,,,
2.647497014925373,0.1482583482587064,,,,
2.6660840796019905,,5.531342288557214,,,
2.667871144278607,,,,,61.64515422885572
2.670383084577115,,,26.045447761194023,,
2.675409,0.13933271,,,,
2.7111761194029853,,,,,63.245497512437815
2.715358706467662,,5.5346592039801,,,
2.7183398009950253,,,26.229174129353236,,
2.7631840796019898,,,,,64.56882587064678
2.763385572139304,,,26.37085074626865,,
2.769685572139303,,5.5469323383084586,,,
2.78447,0.1406661599999999,,,,
2.803982089552239,,,,,66.18573631840795
2.816710447761193,,5.556219402985074,,,
2.820301990049751,,,26.51154228855721,,
2.827130845771144,0.1572133532338308,,,,
2.8471661691542294,,,,,67.56212437810944
2.860561194029851,,,27.07157213930348,,
2.8648766169154234,,5.546269154228855,,,
2.882334,0.140332795,,,,
2.8961850746268656,,,,,69.01992039800996
2.917741293532338,,,26.730970149253736,,
2.918802487562189,,5.523714427860696,,,
2.929207462686567,0.1250407810945273,,,,
2.9538194029850757,,,,,70.61042288557213
2.9601850746268656,,,26.83319402985075,,
2.963782587064677,,5.543947263681592,,,
2.9744597014925374,0.1353226567164179,,,,
2.994361194029851,,,,,71.8639751243781
2.9990074626865675,,,26.927019900497516,,
3.019171144278607,,5.542952736318408,,,
3.0316684999999994,0.146333,,,,
3.05718407960199,,,,,73.3913184079602
3.065947263681592,,5.531342288557214,,,
3.0661407960199005,,,26.98636815920398,,
3.0767562189054725,0.1522383333333333,,,,
3.079216417910448,,,,,74.42951243781094
3.0940004975124378,,,27.06895024875622,,
3.116884577114428,,5.364842786069652,,,
3.1209293532338305,,,,,76.00333333333333
3.128160199004975,0.1519066119402985,,,,
3.159467164179104,,,27.09316915422885,,
3.1663014925373134,,5.374126865671642,,,
3.1759870646766166,,,,,77.28362189054727
3.1814885572139304,0.1379762437810945,,,,
3.2108781094527368,,,26.887880597014924,,
3.215904975124378,,5.458372636815921,,,
3.22406815920398,,,,,78.65008955223881
3.225733333333334,0.1379760995024875,,,,
3.257508457711444,,,26.936303482587064,,
3.263282587064677,,5.350581592039801,,,
3.264476616915424,,,,,80.00330348258707
3.274030348258707,0.1300159402985074,,,,
3.295256218905473,,,26.98275124378109,,
3.3160870646766174,,,,,81.11937810945273
3.317614427860696,,5.335983582089553,,,
3.3315437810945268,0.1313428407960198,,,,
3.356294029850746,,5.382754228855721,,,
3.3651139303482585,,,26.97444278606965,,
3.369021890547263,0.1475950348258706,,,,
3.369099004975124,,,,,82.35654228855722
3.4100179104477606,,,26.916726368159207,,
3.412927860696517,,5.34295223880597,,,
3.416119402985074,,,,,83.6368606965174
3.427798507462686,0.131011343283582,,,,
3.460102985074627,,,27.0871592039801,,
3.4673293532338305,,5.363514925373135,,,
3.473634825870646,,,,,85.1525472636816
3.4758253731343283,0.1396346865671641,,,,
3.5085218905472635,,,27.171398009950245,,
3.5096512437810947,,5.40132736318408,,,
3.5162159203980097,,,,,86.02324875621892
3.518198,0.1499998299999999,,,,
3.5444124378109447,,,27.201611940298505,,
3.5635810945273634,,,,,87.16584079601989
3.566238308457712,,5.259363681592041,,,
3.5777355000000006,0.0999994249999999,,,,
3.604112437810946,,,,,88.12767661691542
3.607424378109453,,,27.22879104477612,,
3.613988557213931,,5.260691542288558,,,
3.618125500000001,0.144999505,,,,
3.6412577114427855,,,,,89.24544776119403
3.641259701492537,,,27.25070646766169,,
3.655325870646766,,5.245770149253732,,,
3.6676597014925374,0.1180757910447761,,,,
3.6962502487562183,,,27.252671641791043,,
3.701226368159204,,,,,90.30180099502488
3.715358208955224,,5.240458706467661,,,
3.724245273631841,0.1276943482587064,,,,
3.746994029850746,,,,,91.35808457711444
3.748129850746268,,,27.281228855721395,,
3.762060199004974,,5.419899502487563,,,
3.770678109452736,0.132337855721393,,,,
3.798409950248756,,,27.038089552238805,,
3.8045069651741295,,5.429187562189055,,,
3.8205995,0.158666005,,,,
3.85180447761194,,,27.02582587064677,,
3.863281592039802,,5.428189552238806,,,
3.8770084577114425,0.1704802885572139,,,,
3.903867164179104,,,27.037398009950248,,
3.908049751243781,,5.418238805970151,,,
3.9173315,0.12499926,,,,
3.955688557213931,,5.415257213930348,,,
3.957013432835821,,,27.05502487562189,,
3.9711422885572154,0.1353226467661691,,,,
4.005106467661692,,,27.1409104477612,,
4.008953233830845,,5.311443781094527,,,
4.021967661691542,0.1326694228855721,,,,
4.050083582089552,,5.73897512437811,,,
4.055995522388059,,,27.03112935323383,,
4.072043283582088,0.1426196766169154,,,,
4.107266169154229,,5.325041293532339,,,
4.108052736318408,,,27.02649253731344,,
4.122784577114428,0.1330010995024875,,,,
4.150446766169154,,,26.915358208955222,,
4.156356218905472,,5.414592537313433,,,
4.1631965,0.1169991899999999,,,,
4.19130696517413,,,27.01155721393035,,
4.199734328358209,,5.435158208955225,,,
4.21552288557214,0.1243776616915422,,,,
4.251540298507464,,,26.94493532338309,,
4.254659203980101,,5.433828358208956,,,
4.270532500000001,0.13133265,,,,
4.298098507462687,,5.439471144278606,,,
4.308188059701493,,,27.91511940298508,,
4.311172636815921,0.1363179950248756,,,,
4.346001492537313,,5.478606965174129,,,
4.34666368159204,,,27.12030845771144,,
4.3658005,0.1436662,,,,
4.392571144278607,,,26.794393034825877,,
4.403649751243781,,5.506137313432836,,,
4.417046766169154,0.1207292388059701,,,,
4.447496517412935,,5.432173631840796,,,
4.447696019900497,,,26.96810945273632,,
4.4602303482587065,0.1542282835820895,,,,
4.494524378109452,,5.5376432835820895,,,
4.500169651741294,,,27.083835820895526,,
4.514165671641791,0.1237140099502487,,,,
4.545207462686568,,,28.024870646766168,,
4.551574129353234,,5.529688059701494,,,
4.5664560000000005,0.14899936,,,,
4.582809452736319,,,28.01555721393035,,
4.589780099502488,,5.542951741293532,,,
4.6064323383084576,0.1313429004975124,,,,
4.631045771144279,,,28.02322388059701,,
4.640199502487563,,5.534326865671643,,,
4.664801499999999,0.132666155,,,,
4.686833333333333,,,28.034482587064677,,
4.693998507462687,,5.549919900497512,,,
4.711212,0.1196661649999999,,,,
4.725115920398009,,,28.018597014925376,,
4.742090049751243,,5.560196019900498,,,
4.755465499999999,0.148666165,,,,
4.777579104477611,,,28.04709950248756,,
4.795553233830845,,5.568825870646766,,,
4.814467,0.127666085,,,,
4.841065174129353,,,28.038825870646768,,
4.843185572139303,,5.688887562189054,,,
4.858439303482587,0.144941447761194,,,,
4.874093532338309,,,26.85537810945274,,
4.890412437810946,,5.5887223880597015,,,
4.9134005,0.1323327349999999,,,,
4.925841293532338,,,26.83580099502488,,
4.946135820895523,,5.588719900497512,,,
4.9630695000000005,0.11499938,,,,
4.993248756218905,,5.432505472636815,,,
5.002130845771143,0.1592031592039801,,,,
5.172802985074626,,,27.17141293532338,,
5.245826368159205,,5.482916915422885,,,
5.256657500000001,0.1373328499999999,,,,
5.418709950248756,,,27.18499004975124,,
5.490481094527364,,5.481592039800996,,,
5.504543283582089,0.144609631840796,,,,
5.665878109452736,,,27.250009950248756,,
5.736849253731342,,5.4938611940298525,,,
5.7565325,0.135999545,,,,
5.926963184079603,,,27.313079601990047,,
5.985672636815921,,5.487890547263681,,,
6.001064179104477,0.1349913830845771,,,,
6.169418407960199,,5.468654726368158,,,
6.171874626865672,,,26.93099502487562,,
6.245040796019901,0.1386396019900497,,,,
6.421160696517413,,,26.90877114427861,,
6.483381592039802,,5.808628358208955,,,
6.4973305,0.1409994399999999,,,,
6.663480099502488,,,27.013601990049757,,
6.731944278606966,,5.362519900497513,,,
6.745207462686568,0.138971223880597,,,,
