Tempo (s),Tensao (V)
-0.003,0.984375
-0.00299,0.97291667
-0.00298,0.99645833
-0.00297,0.98333333
-0.00296,0.993125
-0.00295,0.98833333
-0.00294,0.99125
-0.00293,0.99020833
-0.00292,0.990625
-0.0029100000000000003,0.99083333
-0.0029000000000000002,0.99083333
-0.00289,0.99083333
-0.00288,0.99083333
-0.00287,0.990625
-0.00286,0.99041667
-0.00285,0.99
-0.00284,0.99
-0.00283,0.99020833
-0.00282,0.99
-0.00281,0.99
-0.0028,0.98979167
-0.00279,0.99
-0.00278,0.99
-0.00277,0.99041667
-0.00276,0.99
-0.00275,0.99041667
-0.0027400000000000002,0.99041667
-0.0027300000000000002,0.99083333
-0.00272,0.99104167
-0.00271,0.99104167
-0.0027,0.99145833
-0.00269,0.99125
-0.00268,0.99125
-0.00267,0.99145833
-0.00266,0.99104167
-0.00265,0.99083333
-0.00264,0.99083333
-0.00263,0.990625
-0.00262,0.99041667
-0.00261,0.99020833
-0.0026,0.99041667
-0.00259,0.989375
-0.00258,0.99125
-0.0025700000000000002,0.98729167
-0.00256,0.99416667
-0.00255,0.9825
-0.00254,1.0020833
-0.00253,0.96791667
-0.00252,1.035625
-0.00251,0.66083333
-0.0025,0.004375
-0.00249,0.015416667
-0.00248,-0.0072916667
-0.00247,0.0070833333
-0.00246,-0.0022916667
-0.00245,0.0027083333
-0.00244,-0.000625
-0.00243,0.000625
-0.0024200000000000003,0.00020833333
-0.00241,-0.00020833333
-0.0024000000000000002,0.00020833333
-0.0023899999999999998,-0.00041666667
-0.00238,-0.00041666667
-0.00237,0.0
-0.00236,-0.00020833333
-0.00235,-0.00020833333
-0.00234,-0.00041666667
-0.00233,-0.000625
-0.00232,0.0
-0.00231,-0.00041666667
-0.0023,0.0
-0.00229,-0.00041666667
-0.00228,-0.00041666667
-0.00227,0.0
-0.00226,-0.00041666667
-0.0022500000000000003,-0.00041666667
-0.00224,-0.00020833333
-0.00223,-0.00041666667
-0.0022199999999999998,0.0
-0.00221,0.0
-0.0022,-0.00020833333
-0.00219,0.0
-0.00218,-0.00041666667
-0.00217,-0.00041666667
-0.00216,-0.000625
-0.00215,-0.00041666667
-0.00214,-0.00041666667
-0.00213,-0.000625
-0.00212,-0.00041666667
-0.00211,-0.00020833333
-0.0021,-0.00041666667
-0.00209,0.00083333333
-0.0020800000000000003,-0.0010416667
-0.00207,0.0027083333
-0.00206,-0.0045833333
-0.0020499999999999997,0.0075
-0.00204,-0.012708333
-0.00203,0.022083333
-0.00202,-0.045
-0.00201,0.32875
-0.002,0.98520833
-0.00199,0.97395833
-0.00198,0.99708333
-0.00197,0.98395833
-0.00196,0.993125
-0.00195,0.98854167
-0.0019399999999999999,0.99083333
-0.00193,0.98916667
-0.00192,0.99020833
-0.00191,0.99041667
-0.0019,0.99020833
-0.00189,0.99041667
-0.00188,0.99
-0.00187,0.99041667
-0.0018599999999999999,0.99
-0.0018499999999999999,0.99
-0.00184,0.98979167
-0.00183,0.98979167
-0.00182,0.99
-0.00181,0.99
-0.0018,0.98979167
-0.00179,0.99020833
-0.00178,0.99020833
-0.0017699999999999999,0.99104167
-0.00176,0.99104167
-0.00175,0.99104167
-0.00174,0.99145833
-0.00173,0.99104167
-0.00172,0.99166667
-0.00171,0.99104167
-0.0017,0.99104167
-0.0016899999999999999,0.99104167
-0.0016799999999999999,0.990625
-0.00167,0.990625
-0.00166,0.99041667
-0.00165,0.99041667
-0.00164,0.99020833
-0.00163,0.99
-0.00162,0.99
-0.0016099999999999999,0.99020833
-0.0015999999999999999,0.99020833
-0.00159,0.989375
-0.00158,0.990625
-0.00157,0.98729167
-0.00156,0.99375
-0.00155,0.98270833
-0.00154,1.0027083
-0.00153,0.968125
-0.0015199999999999999,1.0360417
-0.0015099999999999998,0.66208333
-0.0015,0.0045833333
-0.00149,0.015625
-0.00148,-0.0072916667
-0.00147,0.006875
-0.00146,-0.0022916667
-0.00145,0.0025
-0.0014399999999999999,0.00041666667
-0.0014299999999999998,0.000625
-0.00142,0.00041666667
-0.00141,-0.000625
-0.0014,0.0
-0.00139,-0.00020833333
-0.00138,-0.00041666667
-0.00137,-0.00083333333
-0.0013599999999999999,-0.00041666667
-0.0013499999999999999,0.00020833333
-0.0013399999999999998,0.00020833333
-0.00133,-0.00041666667
-0.00132,-0.00041666667
-0.00131,-0.00041666667
-0.0013,-0.000625
-0.00129,0.00041666667
-0.0012799999999999999,-0.000625
-0.0012699999999999999,-0.00041666667
-0.0012599999999999998,-0.000625
-0.00125,-0.000625
-0.00124,0.0
-0.00123,-0.00041666667
-0.00122,0.0
-0.00121,-0.00020833333
-0.0012,-0.00041666667
-0.0011899999999999999,0.00041666667
-0.0011799999999999998,-0.000625
-0.0011699999999999998,0.00020833333
-0.00116,-0.00041666667
-0.00115,0.0
-0.00114,0.00020833333
-0.00113,-0.00020833333
-0.00112,0.0
-0.0011099999999999999,-0.000625
-0.0010999999999999998,-0.00020833333
-0.0010899999999999998,0.00083333333
-0.0010799999999999998,-0.00125
-0.00107,0.0027083333
-0.00106,-0.0045833333
-0.00105,0.0077083333
-0.0010399999999999997,-0.012083333
-0.00103,0.022291667
-0.00102,-0.045208333
-0.00101,0.32875
-0.001,0.98541667
-0.00099,0.974375
-0.00098,0.996875
-0.0009699999999999999,0.98354167
-0.0009599999999999999,0.993125
-0.0009499999999999999,0.98854167
-0.0009399999999999999,0.99083333
-0.0009299999999999998,0.98958333
-0.0009199999999999998,0.99
-0.0009099999999999998,0.989375
-0.0008999999999999998,0.98979167
-0.0008899999999999997,0.99020833
-0.0008799999999999997,0.98979167
-0.0008699999999999997,0.99
-0.0008600000000000001,0.98979167
-0.0008500000000000001,0.99
-0.00084,0.99041667
-0.00083,0.99041667
-0.00082,0.990625
-0.00081,0.990625
-0.0007999999999999999,0.99083333
-0.0007899999999999999,0.99125
-0.0007799999999999999,0.99125
-0.0007699999999999999,0.99145833
-0.0007599999999999998,0.99125
-0.0007499999999999998,0.99166667
-0.0007399999999999998,0.99125
-0.0007299999999999997,0.99125
-0.0007199999999999997,0.99104167
-0.0007099999999999997,0.99083333
-0.0006999999999999997,0.990625
-0.0006900000000000001,0.990625
-0.00068,0.99041667
-0.00067,0.99041667
-0.00066,0.99020833
-0.00065,0.99041667
-0.0006399999999999999,0.99041667
-0.0006299999999999999,0.98979167
-0.0006199999999999999,0.99041667
-0.0006099999999999999,0.99
-0.0005999999999999998,0.99041667
-0.0005899999999999998,0.989375
-0.0005799999999999998,0.99125
-0.0005699999999999998,0.98791667
-0.0005599999999999997,0.99479167
-0.0005499999999999997,0.98375
-0.0005399999999999997,1.0041667
-0.0005299999999999997,0.96916667
-0.0005200000000000001,1.036875
-0.00051,0.66270833
-0.0005,0.005
-0.00049,0.015625
-0.00047999999999999996,-0.0070833333
-0.00046999999999999993,0.0072916667
-0.0004599999999999999,-0.0025
-0.0004499999999999999,0.0027083333
-0.00043999999999999985,0.00020833333
-0.0004299999999999998,0.0010416667
-0.0004199999999999998,0.00041666667
-0.0004099999999999998,0.00041666667
-0.00039999999999999975,-0.00041666667
-0.0003899999999999997,0.00041666667
-0.0003799999999999997,0.00020833333
-0.00036999999999999967,0.00020833333
-0.00035999999999999964,-0.00041666667
-0.00035000000000000005,-0.00041666667
-0.00034,0.00020833333
-0.00033,0.0
-0.00031999999999999997,0.00041666667
-0.00030999999999999995,0.0
-0.0002999999999999999,0.00020833333
-0.0002899999999999999,0.0
-0.00027999999999999987,0.00020833333
-0.00026999999999999984,0.00020833333
-0.0002599999999999998,0.00020833333
-0.0002499999999999998,-0.00041666667
-0.00023999999999999976,0.00020833333
-0.00022999999999999974,0.0
-0.0002199999999999997,0.00041666667
-0.00020999999999999968,0.00020833333
-0.00019999999999999966,-0.00020833333
-0.00018999999999999963,0.00020833333
-0.00018000000000000004,0.00041666667
-0.00017,0.00041666667
-0.00015999999999999999,0.00020833333
-0.00014999999999999996,0.00020833333
-0.00013999999999999993,0.00020833333
-0.0001299999999999999,0.00041666667
-0.00011999999999999988,0.00041666667
-0.00010999999999999985,0.00041666667
-9.999999999999983e-05,0.0
-8.99999999999998e-05,0.00083333333
-7.999999999999978e-05,-0.0010416667
-6.999999999999975e-05,0.003125
-5.9999999999999724e-05,-0.0041666667
-4.99999999999997e-05,0.0075
-3.999999999999967e-05,-0.012708333
-2.9999999999999645e-05,0.022708333
-1.999999999999962e-05,-0.045
-1.0000000000000026e-05,0.32833333
0.0,0.98479167
1.0000000000000026e-05,0.97375
2.0000000000000052e-05,0.996875
3.000000000000008e-05,0.98375
4.0000000000000105e-05,0.993125
5.000000000000013e-05,0.98791667
6.000000000000016e-05,0.99041667
7.000000000000018e-05,0.98916667
8.000000000000021e-05,0.99
9.000000000000024e-05,0.98979167
0.00010000000000000026,0.99
0.00011000000000000029,0.98979167
0.00012000000000000031,0.99020833
0.00013000000000000034,0.99041667
0.00014000000000000037,0.990625
0.0001500000000000004,0.990625
0.00015999999999999999,0.990625
0.00017,0.99125
0.00018000000000000004,0.99125
0.00019000000000000006,0.991875
0.0002000000000000001,0.99145833
0.00021000000000000012,0.99125
0.00022000000000000014,0.99125
0.00023000000000000017,0.99166667
0.0002400000000000002,0.99166667
0.0002500000000000002,0.99125
0.00026000000000000025,0.99083333
0.0002700000000000003,0.99083333
0.0002800000000000003,0.99104167
0.0002900000000000003,0.99104167
0.00030000000000000035,0.990625
0.0003100000000000004,0.99
0.0003200000000000004,0.99020833
0.00033,0.99041667
0.00034,0.99083333
0.00035000000000000005,0.990625
0.0003600000000000001,0.99020833
0.0003700000000000001,0.99
0.00038000000000000013,0.990625
0.00039000000000000016,0.99104167
0.0004000000000000002,0.99104167
0.0004100000000000002,0.99020833
0.00042000000000000023,0.99208333
0.00043000000000000026,0.98895833
0.0004400000000000003,0.99625
0.0004500000000000003,0.98458333
0.00046000000000000034,1.00375
0.00047000000000000037,0.96875
0.0004800000000000004,1.0366667
0.0004900000000000004,0.66354167
0.0005,0.005625
0.00051,0.015208333
0.0005200000000000001,-0.0072916667
0.0005300000000000001,0.0070833333
0.0005400000000000001,-0.0016666667
0.0005500000000000001,0.0029166667
0.0005600000000000002,-0.00020833333
0.0005700000000000002,0.00083333333
0.0005800000000000002,0.00020833333
0.0005900000000000002,0.00083333333
0.0006000000000000003,0.000625
0.0006100000000000003,0.00041666667
0.0006200000000000003,-0.000625
0.0006300000000000004,0.00020833333
0.0006400000000000004,0.000625
0.0006500000000000004,0.00083333333
0.0006600000000000004,0.00020833333
0.00067,0.0
0.00068,0.0
0.0006900000000000001,0.000625
0.0007000000000000001,0.00041666667
0.0007100000000000001,0.00020833333
0.0007200000000000002,-0.000625
0.0007300000000000002,-0.00020833333
0.0007400000000000002,0.00020833333
0.0007500000000000002,0.00083333333
0.0007600000000000003,0.00041666667
0.0007700000000000003,0.0
0.0007800000000000003,0.00020833333
0.0007900000000000003,0.00041666667
0.0008000000000000004,0.00083333333
0.0008100000000000004,0.00020833333
0.0008200000000000004,0.00020833333
0.0008300000000000004,-0.000625
0.0008400000000000005,0.000625
0.0008500000000000001,0.000625
0.0008600000000000001,0.00020833333
0.0008700000000000001,0.0
0.0008800000000000001,-0.00020833333
0.0008900000000000002,0.00041666667
0.0009000000000000002,0.000625
0.0009100000000000002,0.00083333333
0.0009200000000000007,-0.00083333333
0.0009300000000000003,0.0025
0.0009399999999999999,-0.00375
0.0009500000000000003,0.008125
0.0009599999999999999,-0.012083333
0.0009700000000000004,0.022291667
0.00098,-0.045208333
0.0009900000000000004,0.32770833
0.001,0.98479167
0.0010100000000000005,0.97375
0.00102,0.99604167
0.0010300000000000005,0.98291667
0.0010400000000000001,0.99208333
0.0010500000000000006,0.98791667
0.0010600000000000002,0.99
0.0010700000000000006,0.98875
0.0010800000000000002,0.98916667
0.0010900000000000007,0.98979167
0.0011000000000000003,0.99020833
0.0011099999999999999,0.990625
0.0011200000000000003,0.990625
0.00113,0.99104167
0.0011400000000000004,0.99104167
0.00115,0.99166667
0.0011600000000000004,0.99166667
0.00117,0.99166667
0.0011800000000000005,0.99125
0.00119,0.99125
0.0012000000000000005,0.99166667
0.0012100000000000001,0.99145833
0.0012200000000000006,0.99104167
0.0012300000000000002,0.99104167
0.0012400000000000007,0.990625
0.0012500000000000002,0.99083333
0.0012600000000000007,0.990625
0.0012700000000000003,0.990625
0.0012799999999999999,0.99041667
0.0012900000000000003,0.99020833
0.0013,0.990625
0.0013100000000000004,0.990625
0.00132,0.990625
0.0013300000000000005,0.99041667
0.00134,0.99041667
0.0013500000000000005,0.990625
0.00136,0.99104167
0.0013700000000000006,0.99145833
0.0013800000000000002,0.99104167
0.0013900000000000006,0.99125
0.0014000000000000002,0.991875
0.0014100000000000007,0.99104167
0.0014200000000000003,0.99291667
0.0014300000000000007,0.98895833
0.0014400000000000003,0.99541667
0.00145,0.98375
0.0014600000000000004,1.0035417
0.00147,0.969375
0.0014800000000000004,1.0360417
0.00149,0.66333333
0.0015000000000000005,0.0052083333
0.00151,0.015625
0.0015200000000000005,-0.00625
0.0015300000000000001,0.0072916667
0.0015400000000000006,-0.0022916667
0.0015500000000000002,0.0027083333
0.0015600000000000006,0.00020833333
0.0015700000000000002,0.0014583333
0.0015800000000000007,0.0010416667
0.0015900000000000003,0.00020833333
0.0016000000000000007,0.00020833333
0.0016100000000000003,0.00020833333
0.00162,0.00083333333
0.0016300000000000004,0.00083333333
0.00164,0.00020833333
0.0016500000000000004,0.00020833333
0.00166,0.00020833333
0.0016700000000000005,0.000625
0.00168,0.00020833333
0.0016900000000000005,0.0
0.0017000000000000001,-0.00020833333
0.0017100000000000006,0.00020833333
0.0017200000000000002,0.000625
0.0017300000000000006,0.000625
0.0017400000000000002,0.00020833333
0.0017500000000000007,0.00020833333
0.0017600000000000003,0.00020833333
0.0017700000000000007,0.000625
0.0017800000000000003,0.00083333333
0.00179,0.00041666667
0.0018000000000000004,0.0
0.00181,0.00020833333
0.0018200000000000004,0.00041666667
0.00183,0.000625
0.0018400000000000005,0.00041666667
0.00185,-0.00020833333
0.0018600000000000005,0.00020833333
0.0018700000000000001,0.00041666667
0.0018800000000000006,0.000625
0.0018900000000000002,0.00041666667
0.0019000000000000006,0.0
0.0019100000000000002,0.000625
0.0019200000000000007,-0.00083333333
0.0019300000000000003,0.003125
0.0019400000000000008,-0.00375
0.0019500000000000003,0.0077083333
0.00196,-0.0125
0.0019700000000000004,0.0225
0.00198,-0.044583333
0.0019900000000000004,0.32708333
0.002,0.98375
0.0020100000000000005,0.97333333
0.00202,0.99583333
0.0020300000000000006,0.98291667
0.00204,0.99291667
0.0020500000000000006,0.98770833
0.00206,0.99
0.0020700000000000007,0.989375
0.0020800000000000003,0.99020833
0.0020900000000000007,0.990625
0.0021000000000000003,0.99083333
0.0021100000000000008,0.99104167
0.0021200000000000004,0.99125
0.00213,0.991875
0.0021400000000000004,0.991875
0.00215,0.99125
0.0021600000000000005,0.99125
0.00217,0.99145833
0.0021800000000000005,0.99145833
0.00219,0.99166667
0.0022000000000000006,0.99104167
0.00221,0.990625
0.0022200000000000006,0.990625
0.00223,0.99083333
0.0022400000000000007,0.99083333
0.0022500000000000003,0.99041667
0.0022600000000000007,0.99020833
0.0022700000000000003,0.98979167
0.0022800000000000008,0.990625
0.0022900000000000004,0.99083333
0.0023,0.990625
0.0023100000000000004,0.99041667
0.00232,0.99041667
0.0023300000000000005,0.99083333
0.00234,0.99125
0.0023500000000000005,0.99125
0.00236,0.99145833
0.0023700000000000006,0.99125
0.00238,0.99166667
0.0023900000000000006,0.991875
0.0024000000000000002,0.991875
0.0024100000000000007,0.99083333
0.0024200000000000003,0.991875
0.0024300000000000007,0.98854167
0.0024400000000000003,0.995
0.002450000000000001,0.98354167
0.0024600000000000004,1.003125
0.00247,0.96833333
0.0024800000000000004,1.0354167
0.00249,0.66395833
0.0025000000000000005,0.0060416667
0.00251,0.015625
0.0025200000000000005,-0.006875
0.00253,0.0070833333
0.0025400000000000006,-0.001875
0.00255,0.003125
0.0025600000000000006,0.00041666667
0.0025700000000000002,0.00125
0.0025800000000000007,0.00041666667
0.0025900000000000003,0.00041666667
0.0026000000000000007,0.000625
0.0026100000000000003,0.000625
0.002620000000000001,0.00041666667
0.0026300000000000004,0.00020833333
0.00264,0.0
0.0026500000000000004,0.000625
0.00266,0.00083333333
0.0026700000000000005,0.00041666667
0.00268,0.00020833333
0.0026900000000000006,0.0
0.0027,0.00041666667
0.0027100000000000006,0.000625
0.00272,0.000625
0.0027300000000000007,0.00020833333
0.0027400000000000002,0.0
0.0027500000000000007,0.0
0.0027600000000000003,0.0
0.0027700000000000008,1.0
0.0027800000000000004,4.0
0.002790000000000001,2.0
0.0028000000000000004,2.0
