Vds,Ids (Vg=2.5V)_x,Ids (Vg=2.5V)_y,Ids (Vg=3.0V),Ids (Vg=4.0V),Ids (Vg=6.0V),Ids (Vg=8.0V),Ids (Vg=10.0V),Ids (Vg=12.0V),Ids (Vg=15.0V)
-0.0179104228855721,,,,,0.2779439303482586,,,,
-0.0029850497512437,,,,,,,,0.4444437810945273,
0.0041791044776119,,,,0.3336653233830845,,,,,
0.0045771094527363,,,,,,,,,0.2089553731343283
0.006036487562189,,-0.0315092039800995,,,,,,,
0.0061691592039801,,,,,,,0.5306779601990049,,
0.0063018258706467,,,0.0961858706467661,,,,,,
0.0117744427860696,,,,,,0.4099502487562189,,,
0.0255389004975124,,,,,3.3804373134328363,,,,
0.0379436218905472,,,,,,,,3.600332835820895,
0.0449751492537313,,,,,,,,,3.378107462686568
0.0456384776119403,,,,,,,3.68988656716418,,
0.0511443084577114,,,1.6583892537313432,,,,,,
0.0520064676616915,,,,3.073300995024876,,,,,
0.0540630746268656,,0.4676605970149253,,,,,,,
0.0582088507462686,,,,,,3.526378606965175,,,
0.0653397761194029,,,,,6.6421213930348255,,,,
0.07343307960199,,,,,,,,7.051409452736318,
0.0758211393034826,,,,,,,,,6.854063184079603
0.0776122537313433,,,,,,,7.13764328358209,,
0.0815922835820895,,,,5.97279552238806,,,,,
0.0925379701492537,,,,,,,8.293535323383086,,
0.0935329253731343,,,3.077940298507462,,,,,,
0.0960195323383084,,,,,,6.973796517412935,,,
0.0993044129353234,,0.7512435323383085,,,,,,,
0.1067989800995025,,,,,9.543615422885573,,,,
0.1081268208955223,,,,,,,,10.02317263681592,
0.1133671393034825,,,,,,,10.067943781094527,,
0.1142959850746268,,,,,,,,,9.852379104477611
0.1291875273631841,,,,,,9.942274626865672,,,
0.1304149651741293,,,,8.42786368159204,,,,,
0.1405634577114428,,,4.35323184079602,,,,,,
0.1426208358208955,,,,,13.01832338308458,,,,
0.1472637313432836,0.8935378606965174,,,,,,,,
0.1478609452736318,,0.9535639800995024,,,,,,,
0.1537644776119403,,,,,,,,13.573810945273634,
0.1584741940298507,,,,,,,13.693203980099502,,
0.1587396019900497,,,,,,,,,13.46429850746269
0.1650096865671642,,,,,,13.483243781094528,,,
0.1650096865671642,,,,,,13.483243781094528,,,
0.1650096865671642,,,,,,13.483243781094528,,,
0.1650096865671642,,,,,,13.483243781094528,,,
0.1715422885572139,,,,11.433502487562189,,,,,
0.1797690547263682,,,,,16.350283582089553,,,,
0.1921062189054726,,,5.674954228855722,,,,,,
0.1952902985074626,,,,,,,,17.023248756218905,
0.1974128358208955,,,,,,,,,16.96518905472637
0.1980101990049751,1.188722935323383,,,,,,,,
0.1980764179104477,,1.064673631840796,,,,,,,
0.2091214925373134,,,,,19.564875621890547,,,,
0.2093529850746268,,,,14.306512437810946,,,,,
0.2176449253731343,1.0540694029850746,,,,,,,,
0.2273967164179104,,,,,,,,20.38969154228856,
0.2323048756218905,,,,,,,,,20.247094527363185
0.2366171144278607,,,,,,,20.08455223880597,,
0.2388063681592039,,,6.70149552238806,,,,,,
0.2430513432835821,1.181429253731343,,,,,,,,
0.2508789054726368,,1.1127678606965177,,,,,,,
0.2513434328358209,,,,17.02234825870647,,,,,
0.2553900497512437,,,,,22.80330348258707,,,,
0.2733000995024876,,,,,,,,23.72144278606965,
0.2747594029850746,,,,,,,,,23.741333333333333
0.2774793532338309,,,,,,,23.552253731343285,,
0.2851740796019901,,,7.91210447761194,,,,,,
0.2966830845771144,,,,,26.098203980099505,,,,
0.2993037313432836,,,,19.843522388059704,,,,,
0.2995025373134328,,1.2487544278606966,,,,,,,
0.2995689552238806,1.396347711442786,,,,,,,,
0.3153565174129353,,,,,,,,27.11776616915423,
0.3195356716417911,,,,,,,,,27.10943781094527
0.3215588059701492,,,,,,26.922094527363186,,,
0.3225870149253731,,,,,,,26.89887562189055,,
0.3248423880597015,1.1721427860696516,,,,,,,,
0.3373129353233831,,,,,29.038174129353227,,,,
0.3434169651741294,,,,22.56176119402985,,,,,
0.3443457213930349,,,8.548932835820896,,,,,,
0.3479280099502487,1.3910432338308458,,,,,,,,
0.3487907462686566,,1.3001688557213928,,,,,,,
0.3493874626865671,,,,,,,,30.139313432835824,
0.3507803482587064,,,,,,,,,30.149238805970143
0.3515101990049751,,,,,,,29.94524378109453,,
0.3626865671641791,,,,,,29.99801990049751,,,
0.3787731343283582,,,,,32.21419402985074,,,,
0.380033383084577,,,,25.11837313432836,,,,,
0.3804315920398011,,,9.35986368159204,,,,,,
0.3899172139303482,,,,,,,,,33.409597014925374
0.3907132835820895,,,,,,,,33.351621890547264,
0.393432935323383,,,,,,,33.22720895522388,,
0.3954894029850746,1.2537324378109451,,,,,,,,
0.3998673134328358,,1.4643519900497513,,,,,,,
0.4076284577114427,,,,,,33.289542288557215,,,
0.4260362189054726,,,,,35.44215422885572,,,,
0.4336316915422886,,,,,,,,36.75287562189055,
0.4342286567164179,,,9.960148258706466,,,,,,
0.43529,,,,27.809656716417912,,,,,
0.4373464676616916,,,,,,,36.54883084577114,,
0.4386072139303483,,,,,,,,,36.71306467661691
0.4459697512437812,1.3200667164179103,,,,,,,,
0.4500827860696517,,1.4145980099502489,,,,,,,
0.4532339800995024,,,,,,36.49888059701493,,,
0.4668328855721392,,,,,38.448407960199006,,,,
0.4709786567164178,,,,30.50412935323384,,,,,
0.4738311940298507,,,,,,,,39.84753731343284,
0.475688606965174,,,,,,,,,39.89229353233832
0.4766169154228856,,,,,,,39.66346766169155,,
0.4855060199004975,,,10.237094527363183,,,,,,
0.4885574129353234,,,,,,39.521009950248754,,,
0.490281592039801,1.4341621890547265,,,,,,,,
0.4959867164179105,,1.3117743781094529,,,,,,,
0.5059698507462688,,,,,41.51771641791045,,,,
0.5129023880597015,,,,,,,,,43.07628358208955
0.5132337810945273,,,,,,,,42.98672139303483,
0.5136980099502487,,,,,,,42.825885572139306,,
0.5164176119402984,,,,,,42.69652736318408,,,
0.5211937810945274,,,10.603628855721391,,,,,,
0.5244441293532339,,,,32.98177611940298,,,,,
0.5368156218905473,,,,,44.37870646766171,,,,
0.5458707462686567,1.328029950248756,,,,,,,,
0.5486566666666667,,1.364848606965174,,,,,,,
0.5535653731343283,,,,,,45.66373631840797,,,
0.5565506467661692,,,,,,,,46.05803980099502,
0.5570813432835822,,,,,,,,,46.18406965174129
0.5576782587064677,,,,35.49782089552239,,,,,
0.5599337810945273,,,,,,,45.85074626865672,,
0.5698179104477613,,,,,47.17809452736318,,,,
0.5799669651741294,,,10.993363184079604,,,,,,
0.5944274129353233,,,,38.24875124378109,,,,,
0.5958867661691543,,,,,,,,48.92371641791045,
0.5985073134328358,,,,,,48.55262189054727,,,
0.5989382089552239,1.3273648756218903,,,,,,,,
0.5990045771144278,,,,,,,,,49.03650248756219
0.5995349751243781,,,,,,,48.71308457711443,,
0.6009278109452736,,1.4096215422885572,,,,,,,
0.6195013432835821,,,11.611955223880598,,,,,,
0.6212268159203979,,,,,50.1173880597015,,,,
0.6331009950248756,,,,40.55190547263681,,,,,
0.6357543781094527,,,,,,,,,52.13598507462686
0.6358871641791045,,,,,,,,51.93200497512437,
0.636616815920398,,,,,,,51.77614427860697,,
0.6388059701492537,1.450746766169154,,,,,,,,
0.6422882089552238,,,,,,51.53165174129353,,,
0.64636815920398,,1.3830889552238803,,,,,,,
0.6661694527363183,,,,,52.79808457711443,,,,
0.6740296517412934,,,12.049751243781095,,,,,,
0.6797346766169153,,,,,,,,,54.79105970149252
0.6821892039800994,,,,,,,,54.847447761194026,
0.6837146766169154,,,,,,,54.41290547263681,,
0.68772815920398,,,,,,54.3070945273632,,,
0.6893527860696518,,,,43.01637810945273,,,,,
0.6959203980099502,1.371805621890547,,,,,,,,
0.696782736318408,,1.4328403980099509,,,,,,,
0.7155882089552239,,,,,55.50986567164179,,,,
0.7217250746268655,,,12.230487562189056,,,,,,
0.726102487562189,,,,45.07597512437811,,,,,
0.7265671144278606,,,,,,,57.28351741293532,,
0.7268988059701491,,,,,,,,57.46429353233831,
0.728623631840796,,,,,,,,,57.6219104477612
0.7363180099502487,,,,,,57.10049253731344,,,
0.7444124378109451,1.4135971641791043,,,,,,,,
0.7452749253731342,,1.3598698507462688,,,,,,,
0.7565503980099502,,,,,58.13656218905473,,,,
0.76199039800995,,,,,,,,60.32325373134328,
0.7625209452736318,,,,,,,,,60.41781094527363
0.7653736815920397,,,,,,,60.157447761194014,,
0.7704160696517413,,,12.33331343283582,,,,,,
0.7714765174129353,,,,47.42487562189054,,,,,
0.7827525373134329,,,,,,59.816238805970144,,,
0.791907263681592,1.3910419402985077,,,,,,,,
0.7942955223880596,,1.373136119402985,,,,,,,
0.8024543781094529,,,,,,,,62.70814427860697,
0.803449552238806,,,,,,,62.55059701492538,,
0.8074296019900497,,,,,,,,,62.99004975124378
0.8112768656716418,,,,,60.557815920398006,,,,
0.8112768656716418,,,,,60.557815920398006,,,,
0.8112768656716418,,,,,60.557815920398006,,,,
0.8116748756218906,,,11.721427860696515,,,,,,
0.8266999004975124,,,,,,62.22427860696519,,,
0.8348919900497512,,,,49.80631343283582,,,,,
0.8468326368159202,1.384411094527363,,,,,,,,
0.8494857711442785,,1.389722736318408,,,,,,,
0.8498837313432834,,,,,,,,65.51245771144279,
0.8542617910447761,,,,,,,,,65.65503482587064
0.8565173631840796,,,,,,,65.22719402985075,,
0.8580430348258706,,,,51.068666666666665,,,,,
0.8605320398009951,,,,,,65.01169154228856,,,
0.8619570646766168,,,11.998348258706466,,,,,,
0.8919388557213932,1.4189021393034826,,,,,,,,
0.8930665671641791,,1.41957592039801,,,,,,,
0.8955875621890548,,,,,,,,,68.20726368159204
0.8967816915422885,,,,,,,,67.94859701492537,
0.8979758706467662,,,,,,,67.73465671641792,,
0.8996691044776118,,,,,,67.60463184079602,,,
0.9000317910447762,,,,53.11910945273631,,,,,
0.9119061691542288,,,11.98176119402985,,,,,,
0.9192367661691544,,,,,68.12467164179105,,,,
0.938109104477612,,,,,,,,,70.734776119403
0.9382421393034824,,,,,,,,70.52745771144279,
0.93976815920398,1.3810928358208954,,,,,,,,
0.9420230348258708,,1.4112797512437811,,,,,,,
0.9426865174129352,,,,,,,70.33171144278607,,
0.9429506965174128,,,,,,69.9761144278607,,,
0.9450083084577112,,,12.016567164179104,,,,,,
0.948722935323383,,,,55.17813432835821,,,,,
0.9852063184079602,,,,,,,,,73.16749253731344
0.986068208955224,,,,,,,,72.91540298507462,
0.988720945273632,,,,,,,72.61032835820895,,
0.989252736318408,1.3505770646766164,,,,,,,,
0.990376865671642,,,,,,72.32041791044776,,,
0.9909755223880596,,1.417918955223881,,,,,,,
1.0001958706467662,1.4985054726368154,,,,,,,,
1.001258606965174,,,12.064671641791046,,,,,,
1.004306417910448,,,,,70.57439303482587,,,,
1.0122693532338307,,,,57.79965671641791,,,,,
1.029067512437811,,,,,,,,,75.59698507462686
1.0301262189054723,,,,,,,,75.2901791044776,
1.0323164179104476,,,,,,,74.9950248756219,,
1.035762039800995,,1.434495970149254,,,,,,,
1.0366985074626864,1.3897162189054724,,,,,,,,
1.04693144278607,,,,,,74.72581094527362,,,
1.050818905472637,,,12.194009950248756,,,,,,
1.0623660199004976,,,,58.86299502487562,,,,,
1.0651718407960202,,,,,72.9101144278607,,,,
1.0697199004975126,,,,,,,,77.4909800995025,
1.072771144278607,,,,,,,,,77.70330845771144
1.0729039800995026,,,,,,,77.26369154228856,,
1.086069353233831,,,,,,76.83318407960199,,,
1.0892203980099502,1.5263701492537312,,,,,,,,
1.0892203980099502,1.5263701492537312,,,,,,,,
1.0928014925373135,,1.4278669154228858,,,,,,,
1.0961194029850747,,,12.48421890547264,,,,,,
1.0976805970149257,,,,,74.9326815920398,,,,
1.101094527363184,,,,60.80790049751244,,,,,
1.1213288557213932,,,,,,,,79.66668656716418,
1.1223233830845771,,,,,,,79.45274626865672,,
1.1236487562189057,,,,,,,,,79.97514925373135
1.14096368159204,,,,,,79.00828358208956,,,
1.1431537313432836,,1.4709887064676617,,,,,,,
1.1480940298507465,,,,,77.27416915422886,,,,
1.1480940298507465,,,,,77.27416915422886,,,,
1.1488552238805971,,,12.530661691542289,,,,,,
1.1619203980099504,,,,63.04210945273632,,,,,
1.161989054726368,,,,,,,,81.64343781094527,
1.164312437810945,,,,,,,81.37473134328357,,
1.164974129353234,,,,,,,,,81.97514925373133
1.174457711442786,1.4122734328358206,,,,,,,,
1.1817616915422884,,,,,,81.17215422885573,,,
1.187062686567164,,1.437815223880597,,,,,,,
1.200726865671642,,,,64.01660199004975,,,,,
1.203646766169154,,,12.71471144278607,,,,,,
1.2101482587064674,,,,,,,,83.93858208955223,
1.211209950248756,,,,,,,83.72639800995026,,
1.2121383084577113,,,,,,,,,84.15740298507463
1.2189004975124378,,,,,,83.23181094527364,,,
1.2264014925373132,1.682258208955224,,,,,,,,
1.2318398009950249,,,,,81.4322935323383,,,,
1.2375437810945271,,,,66.36353233830845,,,,,
1.2395378109452737,,,12.660029850746268,,,,,,
1.246037313432836,,1.4278651243781095,,,,,,,
1.2605298507462686,,,,,,85.24907462686566,,,
1.2623562189054724,,,,,,,,85.86237810945272,
1.2632164179104477,,,,,,,,,86.1724328358209
1.2638139303482585,,,,,,,85.48923383084579,,
1.267194527363184,1.3956870149253728,,,,,,,,
1.278776616915423,,,,,83.6975422885572,,,,
1.278776616915423,,,,,83.6975422885572,,,,
1.2909363184079603,,1.462691194029851,,,,,,,
1.2961855721393032,,,,67.72062189054726,,,,,
1.3003592039800995,,,12.777756218905472,,,,,,
1.3013522388059702,,,,,,,87.48425373134327,,
1.303144776119403,,,,,,,,,88.00331343283581
1.3038109452736315,,,,,,,,87.81264179104478,
1.31293184079602,,,,,,87.07591542288556,,,
1.3199935323383087,,,,69.37709950248755,,,,,
1.3205975124378109,1.4567155721393037,,,,,,,,
1.338107960199005,,1.4162581592039805,,,,,,,
1.344275124378109,,,12.850776119402983,,,,,,
1.3487915422885572,,,,,,,89.24378606965172,,
1.3492567164179106,,,,,,,,89.51077114427859,
1.350047263681592,,,,,,,,,89.88060199004977
1.3671661691542287,,,,,,88.89415920398011,,,
1.375389054726368,,,,70.7183880597015,,,,,
1.3756243781094526,,,,,87.26167661691541,,,,
1.3756243781094526,,,,,87.26167661691541,,,,
1.375655223880597,1.7074616915422884,,,,,,,,
1.3909781094527365,,1.4527412935323385,,,,,,,
1.3975447761194029,,,13.37144278606965,,,,,,
1.401989552238806,,,,,,,91.15909452736317,,
1.403518905472637,,,,,,,,,91.6036119402985
1.40371592039801,,,,,,,,91.34147761194028,
1.4155880597014925,,,,,,90.72971144278608,,,
1.428401990049751,1.6769462686567165,,,,,,,,
1.434294527363184,,,,72.03852736318409,,,,,
1.4392781094527365,,,,,,,,93.06300497512436,
1.4398104477611942,,1.4477669651741294,,,,,,,
1.4427238805970146,,,,,,,,,93.40461691542288
1.4427880597014926,,,,,,,92.69485074626866,,
1.4494925373134329,,,13.014910447761196,,,,,,
1.4608636815920395,,,,,,92.39666169154228,,,
1.4663402985074627,,,,73.34323880597015,,,,,
1.4724716417910446,,,,,90.84581094527364,,,,
1.4724716417910446,,,,,90.84581094527364,,,,
1.4724716417910446,,,,,90.84581094527364,,,,
1.4755567164179104,1.4281953233830844,,,,,,,,
1.489416417910448,,,13.048069651741296,,,,,,
1.4903452736318408,,1.534007462686567,,,,,,,
1.494395024875622,,,,,,,94.44780597014928,,
1.4944597014925372,,,,,,,,94.64853731343284,
1.4949223880597016,,,,,,,,,94.92383084577116
1.5107671641791047,,,,,,94.0577064676617,,,
1.5107671641791047,,,,,,94.0577064676617,,,
1.5278960199004976,1.416916069651741,,,,,,,,
1.5332671641791042,,,,73.74591542288557,,,,,
1.540763184079602,,1.494203731343284,,,,,,,
1.5463985074626865,,,,,,,,96.28195024875622,
1.5467333333333335,,,,,,,,,96.578776119403
1.5489850746268656,,,13.109462686567165,,,,,,
1.5492502487562188,,,,,,,95.94032835820896,,
1.572855223880597,1.6145920398009947,,,,,,,,
1.5795014925373134,,,,76.0948407960199,,,,,
1.5826129353233829,,,,,,,,97.76115920398011,
1.5840736318407955,,1.5555685572139304,,,,,,,
1.5843412935323384,,,,,,,,,97.99826865671643
1.5861323383084576,,,,,,,97.47094029850746,,
1.5913786069651743,,,,,,97.11773631840796,,,
1.5913786069651743,,,,,,97.11773631840796,,,
1.5913786069651743,,,,,,97.11773631840796,,,
1.5913815920398011,,,,,95.52235820895524,,,,
1.5979328358208955,,,13.200671641791043,,,,,,
1.602052736318408,,,,75.84017412935323,,,,,
1.6228189054726367,1.6782721393034827,,,,,,,,
1.634029850746269,,,,,,,,99.1077263681592,
1.637149751243781,,,,,,,98.859,,
1.6372830845771142,,,,,,,,,99.38464676616914
1.640533830845771,,1.525716368159204,,,,,,,
1.6414601990049753,,,12.9071592039801,,,,,,
1.6480273631840798,,,,76.59438805970149,,,,,
1.657213930348259,,,,,96.91075621890546,,,,
1.6778079601990052,1.7127711442786069,,,,,,,,
1.6898194029850746,,,,,,,,100.73287064676616,
1.6900194029850746,,,,,,,100.3282039800995,,
1.690416915422886,,,,,,,,,101.03338308457712
1.6927393034825875,,1.5422992537313431,,,,,,,
1.699335323383084,,,,,98.32641791044776,,,,
1.7024935323383086,,,13.107805970149252,,,,,,
1.7222562189054729,,,,78.50682089552238,,,,,
1.723984577114428,1.6444447761194032,,,,,,,,
1.733067661691542,,1.5688334328358209,,,,,,,
1.7347303482587066,,,,,,,,,102.21905472636816
1.7354567164179109,,,,,,,101.66910447761192,,
1.73711592039801,,,,,,,,102.02218905472635,
1.739570646766169,,,,78.55596019900497,,,,,
1.7418298507462686,,,13.333343283582089,,,,,,
1.7500845771144276,,,,,,101.52154228855724,,,
1.7674935323383083,,,,,99.7398656716418,,,,
1.775190049751244,1.482585721393035,,,,,,,,
1.787133830845771,,,,,,,103.05139303482588,,
1.7886572139303485,,,,,,,,103.36840796019902,
1.789186567164179,,,,79.47994029850747,,,,,
1.7892552238805972,,,,,,,,,103.69646766169151
1.789718407960199,,1.557224278606965,,,,,,,
1.793237313432836,,,13.94526368159204,,,,,,
1.810286069651741,,,,,101.15303482587066,,,,
1.8134323383084576,,,,,,102.82114427860694,,,
1.8134323383084576,,,,,,102.82114427860694,,,
1.8210960199004973,1.712767164179105,,,,,,,,
1.834230845771144,,,,,,,,,104.75169154228858
1.8348945273631845,,,,,,,,104.636815920398,
1.835028358208955,,,,,,,104.291592039801,,
1.8375462686567168,,1.5439563184079603,,,,,,,
1.83993631840796,,,13.668293532338309,,,,,,
1.8497601990049757,,,,,102.33641791044774,,,,
1.8497601990049757,,,,,102.33641791044774,,,,
1.8649447761194031,,,,82.26536815920397,,,,,
1.8685258706467665,1.6669965174129358,,,,,,,,
1.8769492537313432,,,,,,,105.28661691542288,,
1.877610945273632,,,,,,,,105.70621890547262,
1.8796169154228852,,,,,,105.19273631840797,,,
1.8796169154228852,,,,,,105.19273631840797,,,
1.8796169154228852,,,,,,105.19273631840797,,,
1.8796681592039803,,,,,,,,,105.97189054726368
1.8874940298507463,,1.4809354228855725,,,,,,,
1.8945915422885573,,,13.565517412935325,,,,,,
1.9046776119402984,,,,83.18869651741294,,,,,
1.9199985074626864,1.6696512437810949,,,,,,,,
1.9314079601990048,,,,,,,,106.87388059701492,
1.9340646766169152,,,,,,,,,106.99850746268658
1.9363860696517412,,,,,,,106.51243781094529,,
1.936646766169154,,,,,104.62283582089552,,,,
1.9371810945273635,,,,83.81622388059702,,,,,
1.9407621890547264,,1.5638573631840795,,,,,,,
1.9536323383084575,,,13.61857711442786,,,,,,
1.974647263681592,1.759202487562189,,,,,,,,
1.9761736318407963,,,,,,,,108.03492537313431,
1.9774353233830848,,,,,,,107.63228855721395,,
1.9774368159203983,,,,,,,,,108.1068656716418
1.9847378109452736,,1.49752263681592,,,,,,,
1.9978701492537312,,,13.684930348258709,,,,,,
2.0014940298507464,,,,,105.74691542288558,,,,
2.0229522388059697,1.6855746268656715,,,,,,,,
2.024615422885572,,,,,,,,109.03064676616916,
2.0265308457711444,,,,,,,108.68094527363183,,
2.0288542288557214,,,,,,,,,109.02388059701492
2.0301810945273635,,,,,,108.47741293532336,,,
2.0301810945273635,,,,,,108.47741293532336,,,
2.0301810945273635,,,,,,108.47741293532336,,,
2.0324925373134333,,,,84.55194527363186,,,,,
2.0350223880597014,,,,84.54725870646764,,,,,
2.0387402985074625,,1.5024939800995027,,,,,,,
2.043785572139304,,,,,106.81890547263684,,,,
2.050744278606965,,,13.650099502487562,,,,,,
2.0746243781094527,1.4520731343283582,,,,,,,,
2.080729850746269,,,,,,,109.59363184079602,,
2.080733830845771,,,,,,,,110.07681592039802,
2.083183084577114,,,,,,,,,110.26711442786068
2.091043781094528,,,,,107.81925373134328,,,,
2.091043781094528,,,,,107.81925373134328,,,,
2.091043781094528,,,,,107.81925373134328,,,,
2.091043781094528,,,,,107.81925373134328,,,,
2.093401990049752,,1.4494249751243782,,,,,,,
2.103881094527363,,,13.852398009950251,,,,,,
2.118208955223881,,,,85.96415920398012,,,,,
2.1229835820895526,1.4852409452736317,,,,,,,,
2.125105970149254,,,,,,,,,111.2702487562189
2.125703980099503,,,,,,,,110.99039800995024,
2.1272288557213934,,,,,,,110.59537313432836,,
2.1304154228855725,,,,86.6321592039801,,,,,
2.13266368159204,,1.404647263681592,,,,,,,
2.149385572139304,,,13.90544776119403,,,,,,
2.1637114427860693,1.615920895522388,,,,,,,,
2.169687064676617,,,,,,,,111.8707960199005,
2.169752736318408,,,,,,,,,111.87223880597014
2.17353184079602,,,,,,,111.46313432835822,,
2.185736815920398,,,,87.14690049751245,,,,,
2.1887213930348257,,1.4510836815920398,,,,,,,
2.193362189054726,,,,,,111.34606965174127,,,
2.196220895522388,,,13.8773184079602,,,,,,
2.226269154228856,,,,,,,,112.66845771144278,
2.2263308457711446,,,,,,,112.25900497512436,,
2.227464676616916,,,,,,,,,112.70457711442783
2.229521890547264,1.5728019900497512,,,,,,,,
2.239795024875622,,1.4427951243781092,,,,,,,
2.245589552238806,,,,,,112.20955223880595,,,
2.245965174129353,,,13.877283582089552,,,,,,
2.26685223880597,,,,88.08624875621891,,,,,
2.268325870646766,1.563512935323383,,,,,,,,
2.268591542288557,,,,,,,113.0481592039801,,
2.270110945273632,,,,,,,,,113.5721393034826
2.2709771144278608,,,,,,,,113.55069651741294,
2.275286069651741,,,,,111.19671641791044,,,,
2.276749253731344,,,,87.73861691542288,,,,,
2.278276119402985,,,,,,113.07840796019902,,,
2.287492039800995,,1.4743020398009952,,,,,,,
2.299635820895522,,,14.04639303482587,,,,,,
2.322983582089552,,,,88.7767711442786,,,,,
2.3237194029850743,,,,,,,113.87233830845771,,
2.3244462686567164,1.4308462189054725,,,,,,,,
2.32451144278607,,,,,,,,,114.45084577114427
2.325171641791045,,,,,,,,114.53701492537311,
2.329681094527364,,,,,112.0599502487562,,,,
2.330179104477612,,,,,,113.89467661691543,,,
2.341691542288557,,1.5472741791044775,,,,,,,
2.358672139303483,,,13.961860696517414,,,,,,
2.3725402985074626,,,,,,,114.71572139303484,,
2.3763223880597018,1.5349882089552238,,,,,,,,
2.3769875621890546,,,,,,,,115.18373134328358,
2.3775880597014925,,,,,,,,,115.33925373134328
2.384576119402985,,,,,,114.69323383084576,,,
2.38594776119403,,1.4444519900497512,,,,,,,
2.393036815920398,,,,,112.72437810945272,,,,
2.393036815920398,,,,,112.72437810945272,,,,
2.405312437810945,,,14.111099502487562,,,,,,
2.414263184079602,,,,,,,,115.76711442786068,
2.414529353233831,,,,89.34860199004974,,,,,
2.414529353233831,,,,89.34860199004974,,,,,
2.41472487562189,,,,,,,115.3609950248756,,
2.4174089552238804,,,,,,115.35199004975124,,,
2.4208273631840798,1.678274626865672,,,,,,,,
2.427000497512437,,,,,,,,,116.12223880597014
2.431046766169154,,1.4311850746268655,,,,,,,
2.446701492537313,,,14.155885572139304,,,,,,
2.46726368159204,,,,,,,,116.47134328358209,
2.468657711442786,,,,,,,116.0657711442786,,
2.470313930348259,,,,,,,,,116.62671641791046
2.473499502487562,1.490545422885572,,,,,,,,
2.4820900497512435,,,,,,116.08149253731342,,,
2.4820900497512435,,,,,,116.08149253731342,,,
2.4820900497512435,,,,,,116.08149253731342,,,
2.4924696517412936,,1.4942027363184085,,,,,,,
2.5032855721393035,,,,90.11207462686568,,,,,
2.508292039800995,,,,,114.29880597014925,,,,
2.5101796019900497,,,14.192368159203978,,,,,,
2.516489054726368,,,,,,,,117.2121393034826,
2.517349751243781,,,,,,,116.6186567164179,,
2.518475124378109,,,,,,,,,117.3665671641791
2.5199343283582087,1.6351547263681594,,,,,,,,
2.5318706467661696,,1.5024955223880596,,,,,,,
2.536985572139304,,,,,114.98034825870648,,,,
2.539633830845771,,,,90.59439303482586,,,,,
2.5576756218905468,,,14.308457711442786,,,,,,
2.5620587064676617,,,,,,,,117.93189054726366,
2.563316915422885,,,,,,,117.32990049751244,,
2.564774626865672,,,,,,,,,118.00353233830846
2.57246815920398,1.549584577114428,,,,,,,,
2.5774597014925376,,,,,115.60308457711444,,,,
2.5879248756218907,,1.489226119402985,,,,,,,
2.595221393034826,,,,90.99375621890547,,,,,
2.597612935323383,,,15.15757711442786,,,,,,
2.6144323383084576,,,,,,118.02203980099505,,,
2.6144323383084576,,,,,,118.02203980099505,,,
2.615854228855721,,,,,,,117.97378109452735,,
2.6169149253731345,,,,,,,,118.49960199004974,
2.619967661691542,,,,,,,,,118.5389054726368
2.62606815920398,1.462025870646766,,,,,,,,
2.638476119402985,,,,,116.26273631840796,,,,
2.6393398009950246,,1.5505915422885572,,,,,,,
2.6488945273631845,,,13.832507462686566,,,,,,
2.6536661691542287,,,,91.34797014925374,,,,,
2.66495223880597,,,,,,,,119.02174129353236,
2.665419900497512,,,,,,,118.55567164179104,,
2.666813930348259,,,,,,,,,119.09985074626866
2.6741298507462687,,,,,116.90547263681592,,,,
2.676230348258706,1.4666676616915424,,,,,,,,
2.6784820895522388,,1.5323466169154227,,,,,,,
2.7069393034825877,,,,91.6397910447761,,,,,
2.7070029850746264,,,13.907114427860696,,,,,,
2.7095885572139307,,,,91.73136815920395,,,,,
2.711046766169154,,,,,,,,119.53731343283582,
2.712503980099502,,,,,,,,,119.67502487562189
2.712707960199005,,,,,,,119.00990049751243,,
2.723544278606965,,,,,,119.1044776119403,,,
2.7275288557213924,,,,,117.4125870646766,,,,
2.731274129353233,1.697513930348259,,,,,,,,
2.736183582089552,,1.5024937810945271,,,,,,,
2.760064676616915,,,14.25704975124378,,,,,,
2.768421393034826,,,,,,,,120.03646766169156,
2.7688900497512434,,,,,,,,,120.18741293532338
2.771474626865672,,,,,,,119.5390049751244,,
2.7772796019900494,,,,,,119.65830845771146,,,
2.7820890547263684,,,,,117.96840796019902,,,,
2.7832850746268654,1.6351562189054725,,,,,,,,
2.791973631840796,,,,92.35688059701492,,,,,
2.7933701492537315,,1.706482935323383,,,,,,,
2.8025890547263685,,,14.386412935323383,,,,,,
2.809016417910448,,,,,,,,120.58890547263682,
2.8102124378109448,,,,,,,,,120.66502487562188
2.812004975124378,,,,,,,120.01338308457711,,
2.82736368159204,,,,,,120.21721393034824,,,
2.829516417910448,1.4892184079601989,,,,,,,,
2.8308457711442787,,1.684921393034826,,,,,,,
2.837645273631841,,,,,118.50537313432837,,,,
2.852141791044776,,,,92.6368208955224,,,,,
2.858309452736318,,,,,,,,121.13587064676616,
2.8587019900497506,,,,,,,,,121.24676616915424
2.8591034825870643,,,14.353199004975124,,,,,,
2.8604995024875617,,,,,,,120.62547263681591,,
2.876420895522388,,,,92.99700995024874,,,,,
2.8827542288557217,,,,,,120.7631343283582,,,
2.883182587064677,1.744612437810945,,,,,,,,
2.883421393034826,,,,,118.9557711442786,,,,
2.887233333333333,,1.6550728358208953,,,,,,,
2.91343184079602,,,,,,121.17930348258707,,,
2.914823880597015,,,,,,,,,121.6663184079602
2.9154238805970154,,,,,,,121.0231343283582,,
2.916412437810946,,,,,,,,121.53686567164178,
2.916485074626866,,,14.38807462686567,,,,,,
2.928098507462687,,,,93.3207313432836,,,,,
2.9299368159203985,1.655723383084577,,,,,,,,
2.9313955223880592,,1.7562308457711442,,,,,,,
2.94112487562189,,,,,119.47930348258708,,,,
2.953032835820896,,,,,,,121.5121393034826,,
2.955423383084577,,,,,,,,121.99636815920398,
2.9554860696517418,,,14.389731343283584,,,,,,
2.9564825870646767,,,,,,,,,122.04935323383084
2.958868656716418,,,,,,121.54029850746268,,,
2.970974626865672,,,,,119.89432835820897,,,,
2.971741293532338,1.4918720895522388,,,,,,,,
2.973063184079602,,1.7081398507462688,,,,,,,
2.9873208955223887,,,,93.63506965174128,,,,,
3.006236815920398,,,,,,,,122.37437810945272,
3.007295024875622,,,,,,121.97646766169154,,,
3.008094527363184,,,,,,,,,122.4073631840796
3.008159203980099,,,,,,,121.9431343283582,,
3.0160517412935324,,,14.363139303482589,,,,,,
3.026700497512438,,,,,120.30880597014924,,,,
3.026700497512438,,,,,120.30880597014924,,,,
3.030717910447761,1.5124364676616913,,,,,,,,
3.03316815920398,,1.6567321890547264,,,,,,,
3.0415248756218904,,,,93.82216417910446,,,,,
3.0581830845771143,,,,,,,,122.70432835820895,
3.058780099502488,,,,,,,,,122.81731343283582
3.0607034825870643,,,,,,,122.3031343283582,,
3.0714796019900503,,,,,,122.38810945273632,,,
3.0714796019900503,,,,,,122.38810945273632,,,
3.073905472636816,1.5548905472636814,,,,,,,,
3.0803328358208955,,,,94.04310945273632,,,,,
3.098573134328358,,,,,,,122.664776119403,,
3.099838308457712,,,,,,,,123.06293532338309,
3.100297014925373,,,,,,,,,123.1720895522388
3.123512935323383,1.560200995024876,,,,,,,,
3.123526865671641,,,,92.37612935323382,,,,,
3.130180597014925,,,,,121.11631840796018,,,,
3.1566174129353235,,,,,,,,123.40796019900498,
3.1594054726368155,,,,,,,,,123.4578606965174
3.1596059701492543,,,,,,,122.99960199004974,,
3.172470149253732,,,,,,123.08925373134328,,,
3.172470646766169,,,,96.02584079601992,,,,,
3.180098507462687,1.5588711442786072,,,,,,,,
3.183583582089552,,,,,121.51358208955226,,,,
3.205630845771144,,,,,,,123.44447761194031,,
3.20688855721393,,,,,,,,,123.8426368159204
3.2082830845771144,,,,,,,,123.7397512437811,
3.2214935323383083,,,,93.46595024875622,,,,,
3.221891542288557,,,,,,123.42184079601992,,,
3.222610447761194,1.4089551741293531,,,,,,,,
3.2479273631840795,,,,,121.8539800995025,,,,
3.2488875621890547,,,,,,,,124.0878606965174,
3.249418905472637,,,,,,,123.75457711442785,,
3.250545273631841,,,,,,,,,124.20044776119404
3.259546268656716,,,,,,123.75333333333332,,,
3.260427860696518,,,14.525696517412936,,,,,,
3.268501990049751,,,,,122.18601990049751,,,,
3.269441293532338,,,,95.68224378109451,,,,,
3.273630348258707,1.3943619402985077,,,,,,,,
3.27423184079602,,1.6384869651741292,,,,,,,
3.3018293532338308,,,,,,124.0531343283582,,,
3.304607462686568,,,,,,,,124.46920398009952,
3.306401990049752,,,,,,,124.07960199004977,,
3.3070014925373137,,,,,,,,,124.5026368159204
3.307198507462687,,,,96.09682587064675,,,,,
3.3185781094527367,,,,,122.57154228855724,,,,
3.330945273631841,1.4169138805970147,,,,,,,,
3.349864179104477,,,,,,,124.46099502487564,,
3.353511442786069,,,,,,,,124.79273631840796,
3.3553880597014927,,,,,,124.35169154228856,,,
3.359276616915423,,,,,,,,,124.77144278606964
3.3624601990049747,1.7220577114427864,,,,,,,,
3.366002487562189,,,,,122.85726368159204,,,,
3.385871144278607,,,,96.19305472636816,,,,,
3.399667164179104,,,,,,124.6504975124378,,,
3.3997338308457707,,,,,,,,,125.0849751243781
3.4006611940298503,,,,,,,124.77164179104476,,
3.4027845771144274,,,,,,,,125.0563184079602,
3.409627860696517,,,,94.73102985074624,,,,,
3.415257213930348,,,,,123.13482587064676,,,,
3.4244796019900496,1.4368162189054725,,,,,,,,
3.448560199004975,,,,96.51798507462684,,,,,
3.45917263681592,,,,,,,,125.29378109452736,
3.459639303482587,,,,,,,,,125.42492537313434
3.4622223880597014,,,,,,,125.02870646766168,,
3.468820398009951,,,,,,124.91019900497513,,,
3.468820398009951,,,,,,124.91019900497513,,,
3.474362189054726,1.7180756218905475,,,,,,,,
3.4827537313432835,,,,,123.48199004975125,,,,
3.497512935323383,,,,96.90542786069652,,,,,
3.500163184079602,,,,,,,,125.51298507462688,
3.501025373134329,,,,,,,,,125.5758208955224
3.501159701492537,,,,,,,125.2952736318408,,
3.508655721393035,,,14.495855721393037,,,,,,
3.515756218905472,1.756549751243781,,,,,,,,
3.5164830845771142,,1.6898983582089553,,,,,,,
3.549852238805971,,,,,,,125.48935323383084,,
3.5530661691542287,,,,,123.7944776119403,,,,
3.553698507462687,,,,95.57547263681592,,,,,
3.553764179104478,,,,,,,,125.75348258706468,
3.555028358208956,,,,,,,,,125.80462686567164
3.56965472636816,,,,,,125.42199004975124,,,
3.56965472636816,,,,,,125.42199004975124,,,
3.56965472636816,,,,,,125.42199004975124,,,
3.5729751243781087,,,,,124.08706467661692,,,,
3.5729995024875625,1.4706477611940296,,,,,,,,
3.603516915422886,,,,97.1217313432836,,,,,
3.6042333333333336,,,,,,,,,125.99223880597016
3.6070845771144286,,,,,,,,125.98238805970148,
3.608680099502488,,,,,,,125.73970149253732,,
3.6181024875621897,1.61127960199005,,,,,,,,
3.63084328358209,,,,,124.38656716417908,,,,
3.6483577114427854,,,,,,,,126.19955223880598,
3.648888059701493,,,,,,,126.00402985074626,,
3.652004975124379,,,,,,,,,126.1710447761194
3.652335820895523,,,,97.35259701492537,,,,,
3.656716417910448,,,,,124.61009950248754,,,,
3.656716417910448,,,,,124.61009950248754,,,,
3.667926368159204,1.5330059701492535,,,,,,,,
3.703616417910448,,,,,,,,,126.37970149253732
3.7049432835820895,,,,,,,,126.36004975124378,
3.706135323383085,,,,,,,126.19283582089554,,
3.706302487562189,,,,,,126.0889552238806,,,
3.720129353233832,,,,97.591407960199,,,,,
3.726435820895522,1.4215575124378108,,,,,,,,
3.7644442786069656,,,,97.70420398009948,,,,,
3.765638805970149,,,14.457716417910447,,,,,,
3.766767661691541,1.4500816915422885,,,,,,,,
3.768886567164179,,1.6849250746268656,,,,,,,
3.8015238805970144,,,,97.90586567164178,,,,,
3.819435820895522,1.4308430845771145,,,,,,,,
3.8431149253731336,,,,98.07631343283582,,,,,
3.872171641791045,1.4832482587064677,,,,,,,,
3.8940621890547273,,,,98.26403482587068,,,,,
3.9132293532338314,1.4076271641791045,,,,,,,,
3.941289552238806,,,,98.4596815920398,,,,,
3.963649253731344,1.426201144278607,,,,,,,,
3.994760696517414,,,,98.61693034825868,,,,,
4.016122388059701,1.5376487562189056,,,,,,,,
4.019841791044776,,1.731355422885572,,,,,,,
4.02229104477612,,,14.59370646766169,,,,,,
4.036953233830846,,,,98.72105970149252,,,,,
4.0620223880597015,1.528358208955224,,,,,,,,
4.0829233830845775,,,,96.68319402985075,,,,,
4.115025373134329,1.436154676616915,,,,,,,,
4.1152522388059705,,,,96.93200995024876,,,,,
4.160066169154229,1.552239950248756,,,,,,,,
4.175950248756219,,,,97.1350049751244,,,,,
4.20776169154229,1.385734776119403,,,,,,,,
4.225210447761194,,,,97.32337810945272,,,,,
4.261419900497513,1.4567205472636815,,,,,,,,
4.26168905472637,,,14.421238805970148,,,,,,
4.266732338308458,,1.7346731343283583,,,,,,,
4.298675124378109,,,,97.47661194029853,,,,,
4.305398507462687,1.3791032835820891,,,,,,,,
4.325712935323383,,,,97.65114925373136,,,,,
4.357880099502488,1.627857711442786,,,,,,,,
4.365181094527363,,,,97.768592039801,,,,,
4.413265671641791,1.5250432835820895,,,,,,,,
4.437479104477612,,,,97.89461194029847,,,,,
4.4524671641791045,1.3983419402985076,,,,,,,,
4.478605472636817,,,,97.96688557213928,,,,,
4.50348407960199,,1.7661820895522389,,,,,,,
4.506070646766169,1.6490880597014923,,,,,,,,
4.5083248756218905,,,14.608616915422887,,,,,,
4.533003482587065,,,,98.09490547263682,,,,,
4.561318905472637,1.5641766169154228,,,,,,,,
4.585571641791044,,,,101.83815920398013,,,,,
4.605241791044777,1.522390199004975,,,,,,,,
4.638473134328358,,,,101.97935323383084,,,,,
4.655393532338309,1.442122686567164,,,,,,,,
4.6819124378109445,,,,102.10134328358208,,,,,
4.705151741293531,1.5701517412935324,,,,,,,,
4.719232338308457,,,,102.12393034825872,,,,,
4.746601990049751,1.7910442786069654,,,,,,,,
4.7497870646766165,,,14.38639800995025,,,,,,
4.75004975124378,,1.7578870646766167,,,,,,,
4.801194527363183,1.47528855721393,,,,,,,,
4.851540796019901,1.8009965174129354,,,,,,,,
4.901297512437812,1.4971810945273631,,,,,,,,
4.955422885572139,1.64576815920398,,,,,,,,
4.998416417910447,,1.7694985074626863,,,,,,,
4.999207462686567,,,14.993378109452737,,,,,,
5.23415721393035,,,14.542323383084575,,,,,,
5.251466666666667,,1.713110447761194,,,,,,,
5.469185572139304,,,14.630169154228854,,,,,,
5.49771144278607,,1.867339303482587,,,,,,,
5.714167164179104,,,14.971835820895524,,,,,,
5.7440810945273615,,1.7545757711442784,,,,,,,
5.979965671641792,,,14.862368159203982,,,,,,
5.989521890547264,,1.927038805970149,,,,,,,
6.207360199004975,,,14.986741293532338,,,,,,
6.239866666666668,,1.9270393034825868,,,,,,,
6.456516915422886,,,15.263736318407958,,,,,,
6.494457711442786,,1.820907462686567,,,,,,,
6.696583084577114,,,15.449512437810943,,,,,,
6.744674626865671,,1.865681094527363,,,,,,,
6.940830845771144,,,15.368248756218906,,,,,,
6.994893034825871,,1.9154313432835817,,,,,,,
7.193033333333333,,,15.542393034825867,,,,,,
7.241123383084576,,1.8938726368159204,,,,,,,
7.454129850746268,,,15.638641791044778,,,,,,
7.492535820895524,,1.8573925373134328,,,,,,,
7.705941791044776,,,15.716557213930349,,,,,,
7.73247263681592,,1.7910587064676615,,,,,,,
7.963584577114427,,,15.74144776119403,,,,,,
7.988669651741294,,1.8192522388059704,,,,,,,
8.210345273631841,,,15.83757711442786,,,,,,
8.239530845771144,,1.797690895522388,,,,,,,
8.462816915422884,,,15.84751741293532,,,,,,
8.483913432835823,,1.837491542288557,,,,,,,
8.708327363184079,,,16.58205970149254,,,,,,
8.722918407960199,,1.7976930348258706,,,,,,,
8.958484577114428,,,16.354910447761192,,,,,,
8.968559203980101,,1.8789496019900496,,,,,,,
9.203378606965174,,,16.38310945273632,,,,,,
9.219894527363184,,1.8292,,,,,,,
9.4471592039801,,,16.472621890547266,,,,,,
9.466866666666666,,1.802667661691542,,,,,,,
9.68251890547264,,,16.490860696517412,,,,,,
9.710447263681592,,1.8806089552238807,,,,,,,
