"Header Size"           ,15              
"Model Name"            ,"DL850EV       "
"Comment"               ,"                         "
"BlockNumber"           ,1               
"TraceName"             ,"Vgate         ","Vds           ","Id            "
"BlockSize"             ,1001            ,1001            ,1001            
"VUnit"                 ,"V             ","V             ","A             "
"SampleRate"            ,5000000.000000  ,5000000.000000  ,5000000.000000  
"HResolution"           ,2.000000e-07    ,2.000000e-07    ,2.000000e-07    
"HOffset"               ,-2.000000e-05   ,-2.000000e-05   ,-2.000000e-05   
"HUnit"                 ,"s             ","s             ","s             "
"DisplayPointNo."       ,1               ,1               ,1               
"PhaseShift"            ,1               ,1               ,1               
"Date"                  ,"2026/05/22    ","2026/05/22    ","2026/05/22    "
"Time"                  ,"13:30:28.13779951","13:30:28.13779951","13:30:28.13779951"

13:30:28.13777951, 3.3333E-02, 1.0400E+01, 9.3333E-01,
13:30:28.13777971, 3.3333E-02, 1.0200E+01, 1.0667E+00,
13:30:28.13777991, 3.3333E-02, 1.0267E+01, 1.0667E+00,
13:30:28.13778011, 3.3333E-02, 1.0267E+01, 1.2000E+00,
13:30:28.13778031, 3.3333E-02, 1.0267E+01, 8.0000E-01,
13:30:28.13778051,-3.3333E-02, 1.0133E+01, 9.3333E-01,
13:30:28.13778071, 6.6667E-02, 1.0200E+01, 1.2000E+00,
13:30:28.13778091, 3.3333E-02, 1.0400E+01, 9.3333E-01,
13:30:28.13778111, 0.0000E+00, 1.0200E+01, 1.0667E+00,
13:30:28.13778131, 0.0000E+00, 1.0467E+01, 1.4667E+00,
13:30:28.13778151,-3.3333E-02, 1.0333E+01, 1.0667E+00,
13:30:28.13778171, 0.0000E+00, 1.0267E+01, 9.3333E-01,
13:30:28.13778191, 3.3333E-02, 1.0333E+01, 1.0667E+00,
13:30:28.13778211,-3.3333E-02, 1.0333E+01, 1.2000E+00,
13:30:28.13778231, 3.3333E-02, 1.0467E+01, 1.3333E+00,
13:30:28.13778251,-3.3333E-02, 1.0267E+01, 9.3333E-01,
13:30:28.13778271, 3.3333E-02, 1.0200E+01, 1.2000E+00,
13:30:28.13778291, 0.0000E+00, 1.0200E+01, 9.3333E-01,
13:30:28.13778311, 3.3333E-02, 1.0333E+01, 1.2000E+00,
13:30:28.13778331, 3.3333E-02, 1.0333E+01, 9.3333E-01,
13:30:28.13778351,-6.6667E-02, 1.0067E+01, 1.2000E+00,
13:30:28.13778371, 6.6667E-02, 1.0267E+01, 1.0667E+00,
13:30:28.13778391, 3.3333E-02, 1.0267E+01, 9.3333E-01,
13:30:28.13778411, 3.3333E-02, 1.0333E+01, 9.3333E-01,
13:30:28.13778431, 3.3333E-02, 1.0200E+01, 1.0667E+00,
13:30:28.13778451,-3.3333E-02, 1.0200E+01, 1.3333E+00,
13:30:28.13778471, 6.6667E-02, 1.0333E+01, 1.0667E+00,
13:30:28.13778491, 6.6667E-02, 1.0267E+01, 8.0000E-01,
13:30:28.13778511, 3.3333E-02, 1.0267E+01, 9.3333E-01,
13:30:28.13778531, 1.0000E-01, 1.0267E+01, 1.0667E+00,
13:30:28.13778551, 3.3333E-02, 1.0333E+01, 1.2000E+00,
13:30:28.13778571, 0.0000E+00, 1.0400E+01, 1.0667E+00,
13:30:28.13778591, 0.0000E+00, 1.0333E+01, 1.3333E+00,
13:30:28.13778611, 6.6667E-02, 1.0267E+01, 9.3333E-01,
13:30:28.13778631, 0.0000E+00, 1.0333E+01, 1.2000E+00,
13:30:28.13778651, 3.3333E-02, 1.0267E+01, 1.0667E+00,
13:30:28.13778671,-3.3333E-02, 1.0267E+01, 1.2000E+00,
13:30:28.13778691,-3.3333E-02, 1.0333E+01, 1.2000E+00,
13:30:28.13778711, 1.0000E-01, 1.0333E+01, 1.4667E+00,
13:30:28.13778731, 3.3333E-02, 1.0200E+01, 1.2000E+00,
13:30:28.13778751, 0.0000E+00, 1.0267E+01, 1.0667E+00,
13:30:28.13778771, 0.0000E+00, 1.0400E+01, 1.2000E+00,
13:30:28.13778791, 6.6667E-02, 1.0267E+01, 1.2000E+00,
13:30:28.13778811, 3.3333E-02, 1.0200E+01, 1.2000E+00,
13:30:28.13778831,-3.3333E-02, 1.0267E+01, 1.3333E+00,
13:30:28.13778851, 0.0000E+00, 1.0267E+01, 1.0667E+00,
13:30:28.13778871, 3.3333E-02, 1.0200E+01, 9.3333E-01,
13:30:28.13778891,-3.3333E-02, 1.0333E+01, 9.3333E-01,
13:30:28.13778911, 0.0000E+00, 1.0267E+01, 1.2000E+00,
13:30:28.13778931, 0.0000E+00, 1.0200E+01, 1.0667E+00,
13:30:28.13778951, 3.3333E-02, 1.0267E+01, 1.0667E+00,
13:30:28.13778971, 0.0000E+00, 1.0400E+01, 1.0667E+00,
13:30:28.13778991, 6.6667E-02, 1.0333E+01, 1.0667E+00,
13:30:28.13779011, 0.0000E+00, 1.0200E+01, 9.3333E-01,
13:30:28.13779031, 0.0000E+00, 1.0333E+01, 1.2000E+00,
13:30:28.13779051, 6.6667E-02, 1.0333E+01, 1.3333E+00,
13:30:28.13779071,-3.3333E-02, 1.0333E+01, 1.2000E+00,
13:30:28.13779091, 6.6667E-02, 1.0267E+01, 1.2000E+00,
13:30:28.13779111, 6.6667E-02, 1.0133E+01, 1.0667E+00,
13:30:28.13779131, 6.6667E-02, 1.0400E+01, 9.3333E-01,
13:30:28.13779151, 0.0000E+00, 1.0400E+01, 9.3333E-01,
13:30:28.13779171,-3.3333E-02, 1.0267E+01, 1.2000E+00,
13:30:28.13779191, 0.0000E+00, 1.0133E+01, 1.0667E+00,
13:30:28.13779211,-3.3333E-02, 1.0333E+01, 8.0000E-01,
13:30:28.13779231, 3.3333E-02, 1.0267E+01, 1.0667E+00,
13:30:28.13779251, 3.3333E-02, 1.0267E+01, 9.3333E-01,
13:30:28.13779271,-3.3333E-02, 1.0333E+01, 1.3333E+00,
13:30:28.13779291, 1.3333E-01, 1.0200E+01, 1.2000E+00,
13:30:28.13779311, 6.6667E-02, 1.0267E+01, 1.0667E+00,
13:30:28.13779331, 3.3333E-02, 1.0267E+01, 9.3333E-01,
13:30:28.13779351, 3.3333E-02, 1.0333E+01, 1.2000E+00,
13:30:28.13779371, 3.3333E-02, 1.0333E+01, 9.3333E-01,
13:30:28.13779391, 6.6667E-02, 1.0467E+01, 9.3333E-01,
13:30:28.13779411, 6.6667E-02, 1.0267E+01, 9.3333E-01,
13:30:28.13779431, 0.0000E+00, 1.0200E+01, 9.3333E-01,
13:30:28.13779451,-3.3333E-02, 1.0133E+01, 1.0667E+00,
13:30:28.13779471, 0.0000E+00, 1.0467E+01, 8.0000E-01,
13:30:28.13779491, 0.0000E+00, 1.0267E+01, 1.2000E+00,
13:30:28.13779511, 1.0000E-01, 1.0400E+01, 1.0667E+00,
13:30:28.13779531, 3.3333E-02, 1.0400E+01, 9.3333E-01,
13:30:28.13779551, 0.0000E+00, 1.0333E+01, 8.0000E-01,
13:30:28.13779571, 3.3333E-02, 1.0200E+01, 1.3333E+00,
13:30:28.13779591,-3.3333E-02, 1.0200E+01, 1.2000E+00,
13:30:28.13779611, 0.0000E+00, 1.0267E+01, 1.0667E+00,
13:30:28.13779631,-6.6667E-02, 1.0400E+01, 1.2000E+00,
13:30:28.13779651,-6.6667E-02, 1.0400E+01, 8.0000E-01,
13:30:28.13779671, 3.3333E-02, 1.0267E+01, 1.0667E+00,
13:30:28.13779691, 0.0000E+00, 1.0333E+01, 9.3333E-01,
13:30:28.13779711, 0.0000E+00, 1.0267E+01, 1.3333E+00,
13:30:28.13779731,-3.3333E-02, 1.0267E+01, 1.3333E+00,
13:30:28.13779751, 6.6667E-02, 1.0267E+01, 1.2000E+00,
13:30:28.13779771, 3.3333E-02, 1.0200E+01, 9.3333E-01,
13:30:28.13779791, 0.0000E+00, 1.0267E+01, 1.0667E+00,
13:30:28.13779811, 0.0000E+00, 1.0333E+01, 1.2000E+00,
13:30:28.13779831, 3.3333E-02, 1.0267E+01, 1.0667E+00,
13:30:28.13779851, 3.3333E-02, 1.0267E+01, 1.0667E+00,
13:30:28.13779871, 3.3333E-02, 1.0200E+01, 1.2000E+00,
13:30:28.13779891, 1.0000E-01, 1.0200E+01, 9.3333E-01,
13:30:28.13779911,-3.3333E-02, 1.0267E+01, 1.0667E+00,
13:30:28.13779931, 0.0000E+00, 1.0400E+01, 1.0667E+00,
13:30:28.13779951, 3.2667E+00, 1.0200E+01, 9.3333E-01,
13:30:28.13779971, 1.0400E+01, 7.2667E+00, 1.0667E+00,
13:30:28.13779991, 1.1467E+01, 6.1333E+00, 1.0667E+00,
13:30:28.13780011, 1.1533E+01, 5.4000E+00, 8.0000E-01,
13:30:28.13780031, 1.1633E+01, 4.6667E+00, 1.0667E+00,
13:30:28.13780051, 1.1867E+01, 3.8667E+00, 8.0000E-01,
13:30:28.13780071, 1.2067E+01, 3.6000E+00, 1.0667E+00,
13:30:28.13780091, 1.2233E+01, 3.0667E+00, 1.2000E+00,
13:30:28.13780111, 1.2300E+01, 3.0000E+00, 1.0667E+00,
13:30:28.13780131, 1.2333E+01, 2.8000E+00, 1.2000E+00,
13:30:28.13780151, 1.2433E+01, 2.8000E+00, 1.4667E+00,
13:30:28.13780171, 1.2533E+01, 2.7333E+00, 1.3333E+00,
13:30:28.13780191, 1.2700E+01, 2.8000E+00, 1.6000E+00,
13:30:28.13780211, 1.2667E+01, 2.8667E+00, 1.8667E+00,
13:30:28.13780231, 1.2667E+01, 2.8000E+00, 2.0000E+00,
13:30:28.13780251, 1.2800E+01, 3.0000E+00, 2.1333E+00,
13:30:28.13780271, 1.2800E+01, 2.8667E+00, 2.8000E+00,
13:30:28.13780291, 1.2800E+01, 2.8000E+00, 2.5333E+00,
13:30:28.13780311, 1.2767E+01, 3.0000E+00, 2.9333E+00,
13:30:28.13780331, 1.2800E+01, 3.0667E+00, 2.9333E+00,
13:30:28.13780351, 1.2867E+01, 3.0667E+00, 3.4667E+00,
13:30:28.13780371, 1.2900E+01, 3.2000E+00, 3.7333E+00,
13:30:28.13780391, 1.2933E+01, 3.3333E+00, 3.8667E+00,
13:30:28.13780411, 1.2867E+01, 3.2667E+00, 4.4000E+00,
13:30:28.13780431, 1.3033E+01, 3.6000E+00, 4.5333E+00,
13:30:28.13780451, 1.2967E+01, 3.5333E+00, 4.8000E+00,
13:30:28.13780471, 1.3000E+01, 3.6667E+00, 5.3333E+00,
13:30:28.13780491, 1.3133E+01, 3.9333E+00, 5.6000E+00,
13:30:28.13780511, 1.3133E+01, 3.9333E+00, 6.1333E+00,
13:30:28.13780531, 1.3233E+01, 4.0000E+00, 6.1333E+00,
13:30:28.13780551, 1.3300E+01, 4.1333E+00, 6.8000E+00,
13:30:28.13780571, 1.3367E+01, 4.2667E+00, 7.0667E+00,
13:30:28.13780591, 1.3467E+01, 4.4667E+00, 7.4667E+00,
13:30:28.13780611, 1.3533E+01, 4.6000E+00, 7.7333E+00,
13:30:28.13780631, 1.3667E+01, 4.7333E+00, 8.5333E+00,
13:30:28.13780651, 1.3633E+01, 4.9333E+00, 9.0667E+00,
13:30:28.13780671, 1.3800E+01, 5.0667E+00, 8.9333E+00,
13:30:28.13780691, 1.3867E+01, 5.1333E+00, 9.7333E+00,
13:30:28.13780711, 1.3933E+01, 5.6000E+00, 1.0267E+01,
13:30:28.13780731, 1.4067E+01, 5.7333E+00, 1.0533E+01,
13:30:28.13780751, 1.4133E+01, 5.8000E+00, 1.0800E+01,
13:30:28.13780771, 1.4200E+01, 5.8667E+00, 1.1333E+01,
13:30:28.13780791, 1.4267E+01, 6.2000E+00, 1.1867E+01,
13:30:28.13780811, 1.4267E+01, 6.5333E+00, 1.2267E+01,
13:30:28.13780831, 1.4300E+01, 6.6000E+00, 1.2933E+01,
13:30:28.13780851, 1.4300E+01, 6.7333E+00, 1.3467E+01,
13:30:28.13780871, 1.4267E+01, 7.2000E+00, 1.4000E+01,
13:30:28.13780891, 1.4333E+01, 7.3333E+00, 1.4400E+01,
13:30:28.13780911, 1.4400E+01, 7.4667E+00, 1.4400E+01,
13:30:28.13780931, 1.4400E+01, 7.8667E+00, 1.5200E+01,
13:30:28.13780951, 1.4300E+01, 8.2000E+00, 1.5733E+01,
13:30:28.13780971, 1.4433E+01, 8.4667E+00, 1.6133E+01,
13:30:28.13780991, 1.4400E+01, 8.6000E+00, 1.6667E+01,
13:30:28.13781011, 1.4433E+01, 8.8667E+00, 1.6800E+01,
13:30:28.13781031, 1.4400E+01, 9.1333E+00, 1.7467E+01,
13:30:28.13781051, 1.4433E+01, 9.3333E+00, 1.8267E+01,
13:30:28.13781071, 1.4400E+01, 9.6000E+00, 1.8533E+01,
13:30:28.13781091, 1.4400E+01, 9.8000E+00, 1.9067E+01,
13:30:28.13781111, 1.4400E+01, 1.0067E+01, 1.9733E+01,
13:30:28.13781131, 1.4367E+01, 1.0400E+01, 1.9867E+01,
13:30:28.13781151, 1.4433E+01, 1.0600E+01, 2.0267E+01,
13:30:28.13781171, 1.4267E+01, 1.0667E+01, 2.0800E+01,
13:30:28.13781191, 1.4367E+01, 1.0800E+01, 2.1200E+01,
13:30:28.13781211, 1.4367E+01, 1.1067E+01, 2.1867E+01,
13:30:28.13781231, 1.4300E+01, 1.1333E+01, 2.2133E+01,
13:30:28.13781251, 1.4333E+01, 1.1267E+01, 2.2667E+01,
13:30:28.13781271, 1.4267E+01, 1.1400E+01, 2.2933E+01,
13:30:28.13781291, 1.4233E+01, 1.1733E+01, 2.3600E+01,
13:30:28.13781311, 1.4200E+01, 1.1867E+01, 2.4000E+01,
13:30:28.13781331, 1.4233E+01, 1.1867E+01, 2.4800E+01,
13:30:28.13781351, 1.4200E+01, 1.1933E+01, 2.4933E+01,
13:30:28.13781371, 1.4200E+01, 1.2000E+01, 2.5333E+01,
13:30:28.13781391, 1.4200E+01, 1.2000E+01, 2.5600E+01,
13:30:28.13781411, 1.4133E+01, 1.2000E+01, 2.6000E+01,
13:30:28.13781431, 1.4133E+01, 1.2200E+01, 2.6933E+01,
13:30:28.13781451, 1.4133E+01, 1.2067E+01, 2.6800E+01,
13:30:28.13781471, 1.4133E+01, 1.2067E+01, 2.7600E+01,
13:30:28.13781491, 1.4033E+01, 1.2000E+01, 2.7733E+01,
13:30:28.13781511, 1.3900E+01, 1.2133E+01, 2.8000E+01,
13:30:28.13781531, 1.3867E+01, 1.2133E+01, 2.8800E+01,
13:30:28.13781551, 1.3900E+01, 1.2067E+01, 2.8800E+01,
13:30:28.13781571, 1.3733E+01, 1.2000E+01, 2.9467E+01,
13:30:28.13781591, 1.3733E+01, 1.2067E+01, 2.9867E+01,
13:30:28.13781611, 1.3733E+01, 1.2000E+01, 3.0000E+01,
13:30:28.13781631, 1.3633E+01, 1.2000E+01, 3.0533E+01,
13:30:28.13781651, 1.3533E+01, 1.2000E+01, 3.0667E+01,
13:30:28.13781671, 1.3500E+01, 1.2133E+01, 3.1200E+01,
13:30:28.13781691, 1.3467E+01, 1.1800E+01, 3.1333E+01,
13:30:28.13781711, 1.3367E+01, 1.2000E+01, 3.1867E+01,
13:30:28.13781731, 1.3300E+01, 1.2000E+01, 3.2400E+01,
13:30:28.13781751, 1.3333E+01, 1.1933E+01, 3.2667E+01,
13:30:28.13781771, 1.3167E+01, 1.1800E+01, 3.3200E+01,
13:30:28.13781791, 1.3100E+01, 1.1800E+01, 3.2933E+01,
13:30:28.13781811, 1.3100E+01, 1.1867E+01, 3.3600E+01,
13:30:28.13781831, 1.3100E+01, 1.1867E+01, 3.4267E+01,
13:30:28.13781851, 1.3033E+01, 1.1733E+01, 3.4133E+01,
13:30:28.13781871, 1.3000E+01, 1.1867E+01, 3.4933E+01,
13:30:28.13781891, 1.2967E+01, 1.1667E+01, 3.4800E+01,
13:30:28.13781911, 1.2833E+01, 1.1667E+01, 3.5333E+01,
13:30:28.13781931, 1.2833E+01, 1.1800E+01, 3.5333E+01,
13:30:28.13781951, 1.2833E+01, 1.1667E+01, 3.5733E+01,
13:30:28.13781971, 1.2833E+01, 1.1600E+01, 3.6133E+01,
13:30:28.13781991, 1.2767E+01, 1.1333E+01, 3.6400E+01,
13:30:28.13782011, 1.2833E+01, 1.1333E+01, 3.6400E+01,
13:30:28.13782031, 1.2800E+01, 1.1333E+01, 3.6933E+01,
13:30:28.13782051, 1.2800E+01, 1.1333E+01, 3.7200E+01,
13:30:28.13782071, 1.2733E+01, 1.1067E+01, 3.7467E+01,
13:30:28.13782091, 1.2733E+01, 1.0867E+01, 3.7600E+01,
13:30:28.13782111, 1.2767E+01, 1.0733E+01, 3.7867E+01,
13:30:28.13782131, 1.2733E+01, 1.0800E+01, 3.8133E+01,
13:30:28.13782151, 1.2767E+01, 1.0667E+01, 3.8933E+01,
13:30:28.13782171, 1.2767E+01, 1.0400E+01, 3.8533E+01,
13:30:28.13782191, 1.2733E+01, 1.0400E+01, 3.9067E+01,
13:30:28.13782211, 1.2733E+01, 1.0200E+01, 3.9333E+01,
13:30:28.13782231, 1.2733E+01, 1.0200E+01, 3.9333E+01,
13:30:28.13782251, 1.2733E+01, 1.0067E+01, 3.9733E+01,
13:30:28.13782271, 1.2733E+01, 9.8000E+00, 3.9867E+01,
13:30:28.13782291, 1.2767E+01, 9.7333E+00, 4.0400E+01,
13:30:28.13782311, 1.2733E+01, 9.7333E+00, 4.0267E+01,
13:30:28.13782331, 1.2767E+01, 9.6667E+00, 4.0533E+01,
13:30:28.13782351, 1.2800E+01, 9.7333E+00, 4.0933E+01,
13:30:28.13782371, 1.2767E+01, 9.5333E+00, 4.1333E+01,
13:30:28.13782391, 1.2767E+01, 9.4667E+00, 4.1467E+01,
13:30:28.13782411, 1.2800E+01, 9.2667E+00, 4.1600E+01,
13:30:28.13782431, 1.2800E+01, 9.4000E+00, 4.1867E+01,
13:30:28.13782451, 1.2833E+01, 9.2667E+00, 4.1867E+01,
13:30:28.13782471, 1.2833E+01, 9.2667E+00, 4.2133E+01,
13:30:28.13782491, 1.2867E+01, 9.2667E+00, 4.2800E+01,
13:30:28.13782511, 1.2900E+01, 9.3333E+00, 4.2933E+01,
13:30:28.13782531, 1.2833E+01, 9.2000E+00, 4.3333E+01,
13:30:28.13782551, 1.2833E+01, 9.2000E+00, 4.3333E+01,
13:30:28.13782571, 1.2867E+01, 9.2667E+00, 4.3333E+01,
13:30:28.13782591, 1.2933E+01, 9.2667E+00, 4.4133E+01,
13:30:28.13782611, 1.2867E+01, 9.2667E+00, 4.3867E+01,
13:30:28.13782631, 1.2900E+01, 9.2667E+00, 4.4533E+01,
13:30:28.13782651, 1.2833E+01, 9.2667E+00, 4.4667E+01,
13:30:28.13782671, 1.2933E+01, 9.2667E+00, 4.4933E+01,
13:30:28.13782691, 1.2933E+01, 9.4000E+00, 4.5200E+01,
13:30:28.13782711, 1.2933E+01, 9.4000E+00, 4.5467E+01,
13:30:28.13782731, 1.2900E+01, 9.6667E+00, 4.5867E+01,
13:30:28.13782751, 1.2933E+01, 9.6000E+00, 4.6133E+01,
13:30:28.13782771, 1.2967E+01, 9.6667E+00, 4.5867E+01,
13:30:28.13782791, 1.2933E+01, 9.6667E+00, 4.6133E+01,
13:30:28.13782811, 1.2933E+01, 9.8000E+00, 4.6800E+01,
13:30:28.13782831, 1.3000E+01, 9.6667E+00, 4.7200E+01,
13:30:28.13782851, 1.3033E+01, 9.8000E+00, 4.7200E+01,
13:30:28.13782871, 1.3033E+01, 9.9333E+00, 4.7733E+01,
13:30:28.13782891, 1.3000E+01, 9.8667E+00, 4.7600E+01,
13:30:28.13782911, 1.2967E+01, 1.0000E+01, 4.7867E+01,
13:30:28.13782931, 1.2967E+01, 1.0000E+01, 4.8400E+01,
13:30:28.13782951, 1.2933E+01, 9.9333E+00, 4.8267E+01,
13:30:28.13782971, 1.2967E+01, 1.0067E+01, 4.8800E+01,
13:30:28.13782991, 1.2967E+01, 1.0200E+01, 4.8933E+01,
13:30:28.13783011, 1.2967E+01, 1.0267E+01, 4.9467E+01,
13:30:28.13783031, 1.2967E+01, 1.0133E+01, 4.9867E+01,
13:30:28.13783051, 1.2967E+01, 1.0267E+01, 4.9733E+01,
13:30:28.13783071, 1.2967E+01, 1.0267E+01, 4.9867E+01,
13:30:28.13783091, 1.2933E+01, 1.0200E+01, 5.0133E+01,
13:30:28.13783111, 1.2933E+01, 1.0267E+01, 5.0533E+01,
13:30:28.13783131, 1.2967E+01, 1.0467E+01, 5.0667E+01,
13:30:28.13783151, 1.2867E+01, 1.0533E+01, 5.1067E+01,
13:30:28.13783171, 1.2900E+01, 1.0200E+01, 5.1333E+01,
13:30:28.13783191, 1.2867E+01, 1.0467E+01, 5.1733E+01,
13:30:28.13783211, 1.2833E+01, 1.0533E+01, 5.1467E+01,
13:30:28.13783231, 1.2867E+01, 1.0600E+01, 5.1867E+01,
13:30:28.13783251, 1.2967E+01, 1.0467E+01, 5.1867E+01,
13:30:28.13783271, 1.2900E+01, 1.0533E+01, 5.2533E+01,
13:30:28.13783291, 1.2833E+01, 1.0533E+01, 5.2533E+01,
13:30:28.13783311, 1.2867E+01, 1.0467E+01, 5.2667E+01,
13:30:28.13783331, 1.2767E+01, 1.0467E+01, 5.3067E+01,
13:30:28.13783351, 1.2867E+01, 1.0467E+01, 5.3067E+01,
13:30:28.13783371, 1.2833E+01, 1.0400E+01, 5.3467E+01,
13:30:28.13783391, 1.2767E+01, 1.0400E+01, 5.3600E+01,
13:30:28.13783411, 1.2833E+01, 1.0467E+01, 5.4133E+01,
13:30:28.13783431, 1.2833E+01, 1.0467E+01, 5.4000E+01,
13:30:28.13783451, 1.2867E+01, 1.0200E+01, 5.4533E+01,
13:30:28.13783471, 1.2867E+01, 1.0133E+01, 5.4800E+01,
13:30:28.13783491, 1.2800E+01, 1.0267E+01, 5.4800E+01,
13:30:28.13783511, 1.2833E+01, 1.0200E+01, 5.4933E+01,
13:30:28.13783531, 1.2800E+01, 1.0067E+01, 5.5333E+01,
13:30:28.13783551, 1.2867E+01, 1.0000E+01, 5.5467E+01,
13:30:28.13783571, 1.2800E+01, 1.0000E+01, 5.5467E+01,
13:30:28.13783591, 1.2833E+01, 1.0000E+01, 5.5867E+01,
13:30:28.13783611, 1.2800E+01, 1.0067E+01, 5.6000E+01,
13:30:28.13783631, 1.2867E+01, 9.9333E+00, 5.5867E+01,
13:30:28.13783651, 1.2767E+01, 9.8667E+00, 5.6667E+01,
13:30:28.13783671, 1.2833E+01, 9.8667E+00, 5.6533E+01,
13:30:28.13783691, 1.2867E+01, 9.8667E+00, 5.6533E+01,
13:30:28.13783711, 1.2867E+01, 9.8667E+00, 5.6800E+01,
13:30:28.13783731, 1.2800E+01, 9.8000E+00, 5.7067E+01,
13:30:28.13783751, 1.2800E+01, 9.8000E+00, 5.7333E+01,
13:30:28.13783771, 1.2867E+01, 9.9333E+00, 5.7600E+01,
13:30:28.13783791, 1.2867E+01, 9.8000E+00, 5.7600E+01,
13:30:28.13783811, 1.2867E+01, 9.8000E+00, 5.7733E+01,
13:30:28.13783831, 1.2867E+01, 9.7333E+00, 5.8000E+01,
13:30:28.13783851, 1.2900E+01, 9.8667E+00, 5.8267E+01,
13:30:28.13783871, 1.2767E+01, 9.6000E+00, 5.8667E+01,
13:30:28.13783891, 1.2833E+01, 9.8000E+00, 5.8667E+01,
13:30:28.13783911, 1.2867E+01, 9.8667E+00, 5.8800E+01,
13:30:28.13783931, 1.2900E+01, 9.8000E+00, 5.9067E+01,
13:30:28.13783951, 1.2867E+01, 9.8000E+00, 5.9600E+01,
13:30:28.13783971, 1.2867E+01, 9.7333E+00, 5.9600E+01,
13:30:28.13783991, 1.2833E+01, 9.8667E+00, 5.9600E+01,
13:30:28.13784011, 1.2867E+01, 9.8667E+00, 6.0000E+01,
13:30:28.13784031, 1.2900E+01, 9.8667E+00, 5.9867E+01,
13:30:28.13784051, 1.2900E+01, 9.8667E+00, 6.0267E+01,
13:30:28.13784071, 1.2900E+01, 9.8667E+00, 6.0267E+01,
13:30:28.13784091, 1.2933E+01, 9.8667E+00, 6.0933E+01,
13:30:28.13784111, 1.2900E+01, 9.8667E+00, 6.0800E+01,
13:30:28.13784131, 1.2867E+01, 9.9333E+00, 6.0800E+01,
13:30:28.13784151, 1.2900E+01, 9.9333E+00, 6.1067E+01,
13:30:28.13784171, 1.2933E+01, 9.9333E+00, 6.1067E+01,
13:30:28.13784191, 1.2900E+01, 9.8667E+00, 6.1200E+01,
13:30:28.13784211, 1.2867E+01, 9.9333E+00, 6.1733E+01,
13:30:28.13784231, 1.2867E+01, 1.0000E+01, 6.2000E+01,
13:30:28.13784251, 1.2933E+01, 9.9333E+00, 6.2133E+01,
13:30:28.13784271, 1.2867E+01, 1.0267E+01, 6.2267E+01,
13:30:28.13784291, 1.2767E+01, 9.9333E+00, 6.2400E+01,
13:30:28.13784311, 1.2867E+01, 1.0133E+01, 6.2267E+01,
13:30:28.13784331, 1.2767E+01, 1.0000E+01, 6.2533E+01,
13:30:28.13784351, 1.2900E+01, 1.0000E+01, 6.2933E+01,
13:30:28.13784371, 1.2867E+01, 1.0133E+01, 6.2933E+01,
13:30:28.13784391, 1.2867E+01, 1.0133E+01, 6.3600E+01,
13:30:28.13784411, 1.2900E+01, 1.0133E+01, 6.3600E+01,
13:30:28.13784431, 1.2900E+01, 1.0133E+01, 6.3600E+01,
13:30:28.13784451, 1.2833E+01, 1.0133E+01, 6.4000E+01,
13:30:28.13784471, 1.2867E+01, 1.0133E+01, 6.4267E+01,
13:30:28.13784491, 1.2833E+01, 1.0067E+01, 6.4400E+01,
13:30:28.13784511, 1.2867E+01, 1.0067E+01, 6.4400E+01,
13:30:28.13784531, 1.2900E+01, 1.0067E+01, 6.4667E+01,
13:30:28.13784551, 1.2800E+01, 1.0200E+01, 6.4933E+01,
13:30:28.13784571, 1.2833E+01, 1.0133E+01, 6.4667E+01,
13:30:28.13784591, 1.2833E+01, 1.0200E+01, 6.5067E+01,
13:30:28.13784611, 1.2867E+01, 1.0267E+01, 6.5333E+01,
13:30:28.13784631, 1.2767E+01, 1.0067E+01, 6.5467E+01,
13:30:28.13784651, 1.2900E+01, 9.9333E+00, 6.5600E+01,
13:30:28.13784671, 1.2800E+01, 1.0067E+01, 6.5600E+01,
13:30:28.13784691, 1.2867E+01, 1.0067E+01, 6.6267E+01,
13:30:28.13784711, 1.2767E+01, 1.0067E+01, 6.6267E+01,
13:30:28.13784731, 1.2900E+01, 1.0067E+01, 6.6267E+01,
13:30:28.13784751, 1.2867E+01, 1.0000E+01, 6.6400E+01,
13:30:28.13784771, 1.2767E+01, 1.0000E+01, 6.6533E+01,
13:30:28.13784791, 1.2867E+01, 1.0000E+01, 6.6800E+01,
13:30:28.13784811, 1.2800E+01, 1.0000E+01, 6.6933E+01,
13:30:28.13784831, 1.2867E+01, 1.0133E+01, 6.7200E+01,
13:30:28.13784851, 1.2900E+01, 9.9333E+00, 6.7067E+01,
13:30:28.13784871, 1.2900E+01, 9.9333E+00, 6.7733E+01,
13:30:28.13784891, 1.2833E+01, 9.9333E+00, 6.7600E+01,
13:30:28.13784911, 1.2867E+01, 9.9333E+00, 6.7600E+01,
13:30:28.13784931, 1.2867E+01, 1.0000E+01, 6.8000E+01,
13:30:28.13784951, 1.2900E+01, 9.9333E+00, 6.8000E+01,
13:30:28.13784971, 1.2900E+01, 9.9333E+00, 6.7867E+01,
13:30:28.13784991, 1.2900E+01, 9.9333E+00, 6.8133E+01,
13:30:28.13785011, 1.2833E+01, 1.0000E+01, 6.8533E+01,
13:30:28.13785031, 1.2867E+01, 1.0000E+01, 6.8933E+01,
13:30:28.13785051, 1.2900E+01, 9.9333E+00, 6.8800E+01,
13:30:28.13785071, 1.2833E+01, 9.9333E+00, 6.8933E+01,
13:30:28.13785091, 1.2833E+01, 9.9333E+00, 6.9200E+01,
13:30:28.13785111, 1.2900E+01, 9.9333E+00, 6.9200E+01,
13:30:28.13785131, 1.2900E+01, 9.8667E+00, 6.9200E+01,
13:30:28.13785151, 1.2833E+01, 9.9333E+00, 6.9200E+01,
13:30:28.13785171, 1.2933E+01, 9.8667E+00, 6.9467E+01,
13:30:28.13785191, 1.2867E+01, 1.0000E+01, 6.9200E+01,
13:30:28.13785211, 1.2900E+01, 1.0000E+01, 6.9733E+01,
13:30:28.13785231, 1.3000E+01, 9.9333E+00, 7.0133E+01,
13:30:28.13785251, 1.2800E+01, 9.9333E+00, 7.0133E+01,
13:30:28.13785271, 1.2867E+01, 9.9333E+00, 7.0533E+01,
13:30:28.13785291, 1.2800E+01, 9.9333E+00, 7.0267E+01,
13:30:28.13785311, 1.2900E+01, 9.9333E+00, 7.0533E+01,
13:30:28.13785331, 1.2900E+01, 9.7333E+00, 7.0667E+01,
13:30:28.13785351, 1.2833E+01, 9.9333E+00, 7.0933E+01,
13:30:28.13785371, 1.2800E+01, 9.9333E+00, 7.1067E+01,
13:30:28.13785391, 1.2867E+01, 1.0000E+01, 7.1200E+01,
13:30:28.13785411, 1.2900E+01, 1.0067E+01, 7.1467E+01,
13:30:28.13785431, 1.2767E+01, 9.9333E+00, 7.1733E+01,
13:30:28.13785451, 1.2800E+01, 1.0000E+01, 7.1600E+01,
13:30:28.13785471, 1.2833E+01, 1.0067E+01, 7.1600E+01,
13:30:28.13785491, 1.2833E+01, 9.9333E+00, 7.1733E+01,
13:30:28.13785511, 1.2800E+01, 9.9333E+00, 7.1867E+01,
13:30:28.13785531, 1.2900E+01, 1.0000E+01, 7.2000E+01,
13:30:28.13785551, 1.2800E+01, 1.0067E+01, 7.2133E+01,
13:30:28.13785571, 1.2900E+01, 9.9333E+00, 7.2000E+01,
13:30:28.13785591, 1.2867E+01, 1.0000E+01, 7.2267E+01,
13:30:28.13785611, 1.2867E+01, 9.9333E+00, 7.2933E+01,
13:30:28.13785631, 1.2933E+01, 1.0000E+01, 7.2533E+01,
13:30:28.13785651, 1.2933E+01, 1.0200E+01, 7.3067E+01,
13:30:28.13785671, 1.2800E+01, 1.0067E+01, 7.3200E+01,
13:30:28.13785691, 1.2867E+01, 1.0000E+01, 7.3067E+01,
13:30:28.13785711, 1.2900E+01, 9.9333E+00, 7.3200E+01,
13:30:28.13785731, 1.2833E+01, 1.0067E+01, 7.3467E+01,
13:30:28.13785751, 1.2833E+01, 1.0133E+01, 7.4000E+01,
13:30:28.13785771, 1.2833E+01, 9.9333E+00, 7.3333E+01,
13:30:28.13785791, 1.2833E+01, 1.0067E+01, 7.3467E+01,
13:30:28.13785811, 1.2867E+01, 9.9333E+00, 7.3867E+01,
13:30:28.13785831, 1.2867E+01, 1.0067E+01, 7.4000E+01,
13:30:28.13785851, 1.2833E+01, 1.0000E+01, 7.4533E+01,
13:30:28.13785871, 1.2800E+01, 1.0000E+01, 7.4133E+01,
13:30:28.13785891, 1.2833E+01, 9.9333E+00, 7.4533E+01,
13:30:28.13785911, 1.2833E+01, 1.0067E+01, 7.4667E+01,
13:30:28.13785931, 1.2867E+01, 9.9333E+00, 7.4667E+01,
13:30:28.13785951, 1.2800E+01, 1.0133E+01, 7.4800E+01,
13:30:28.13785971, 1.2867E+01, 9.9333E+00, 7.4800E+01,
13:30:28.13785991, 1.2867E+01, 1.0067E+01, 7.5333E+01,
13:30:28.13786011, 1.2833E+01, 1.0000E+01, 7.5067E+01,
13:30:28.13786031, 1.2733E+01, 9.9333E+00, 7.5200E+01,
13:30:28.13786051, 1.2867E+01, 9.9333E+00, 7.5600E+01,
13:30:28.13786071, 1.2867E+01, 9.9333E+00, 7.5600E+01,
13:30:28.13786091, 1.2833E+01, 9.9333E+00, 7.6000E+01,
13:30:28.13786111, 1.2800E+01, 9.9333E+00, 7.6000E+01,
13:30:28.13786131, 1.2867E+01, 9.8667E+00, 7.5867E+01,
13:30:28.13786151, 1.2900E+01, 1.0000E+01, 7.6133E+01,
13:30:28.13786171, 1.2867E+01, 9.8667E+00, 7.6000E+01,
13:30:28.13786191, 1.2867E+01, 9.9333E+00, 7.6267E+01,
13:30:28.13786211, 1.2867E+01, 9.9333E+00, 7.6267E+01,
13:30:28.13786231, 1.2967E+01, 1.0067E+01, 7.6133E+01,
13:30:28.13786251, 1.2867E+01, 9.9333E+00, 7.6667E+01,
13:30:28.13786271, 1.2900E+01, 1.0000E+01, 7.6800E+01,
13:30:28.13786291, 1.2833E+01, 9.8667E+00, 7.7067E+01,
13:30:28.13786311, 1.2833E+01, 9.8667E+00, 7.7333E+01,
13:30:28.13786331, 1.2867E+01, 9.9333E+00, 7.7200E+01,
13:30:28.13786351, 1.2800E+01, 9.9333E+00, 7.7333E+01,
13:30:28.13786371, 1.2833E+01, 1.0067E+01, 7.7200E+01,
13:30:28.13786391, 1.2800E+01, 9.9333E+00, 7.7467E+01,
13:30:28.13786411, 1.2933E+01, 9.8000E+00, 7.7733E+01,
13:30:28.13786431, 1.2833E+01, 1.0067E+01, 7.7600E+01,
13:30:28.13786451, 1.2767E+01, 9.9333E+00, 7.8000E+01,
13:30:28.13786471, 1.2900E+01, 9.9333E+00, 7.8000E+01,
13:30:28.13786491, 1.2900E+01, 9.8667E+00, 7.8000E+01,
13:30:28.13786511, 1.2833E+01, 9.9333E+00, 7.8000E+01,
13:30:28.13786531, 1.2833E+01, 9.9333E+00, 7.8400E+01,
13:30:28.13786551, 1.2833E+01, 9.9333E+00, 7.8533E+01,
13:30:28.13786571, 1.2933E+01, 9.9333E+00, 7.8667E+01,
13:30:28.13786591, 1.2800E+01, 9.9333E+00, 7.8400E+01,
13:30:28.13786611, 1.2900E+01, 9.9333E+00, 7.8667E+01,
13:30:28.13786631, 1.2833E+01, 9.8000E+00, 7.8800E+01,
13:30:28.13786651, 1.2900E+01, 1.0000E+01, 7.8800E+01,
13:30:28.13786671, 1.2800E+01, 1.0000E+01, 7.8933E+01,
13:30:28.13786691, 1.2867E+01, 1.0000E+01, 7.9200E+01,
13:30:28.13786711, 1.2867E+01, 9.9333E+00, 7.9200E+01,
13:30:28.13786731, 1.2833E+01, 9.8667E+00, 7.9467E+01,
13:30:28.13786751, 1.2867E+01, 9.9333E+00, 7.9600E+01,
13:30:28.13786771, 1.2833E+01, 9.9333E+00, 7.9467E+01,
13:30:28.13786791, 1.2867E+01, 1.0067E+01, 7.9467E+01,
13:30:28.13786811, 1.2767E+01, 9.9333E+00, 7.9600E+01,
13:30:28.13786831, 1.2867E+01, 1.0067E+01, 8.0000E+01,
13:30:28.13786851, 1.2833E+01, 9.9333E+00, 7.9733E+01,
13:30:28.13786871, 1.2867E+01, 1.0000E+01, 8.0133E+01,
13:30:28.13786891, 1.2867E+01, 1.0000E+01, 8.0133E+01,
13:30:28.13786911, 1.2833E+01, 9.9333E+00, 8.0133E+01,
13:30:28.13786931, 1.2833E+01, 9.8667E+00, 8.0267E+01,
13:30:28.13786951, 1.2867E+01, 9.9333E+00, 8.0400E+01,
13:30:28.13786971, 1.2833E+01, 1.0000E+01, 8.0667E+01,
13:30:28.13786991, 1.2833E+01, 1.0067E+01, 8.0400E+01,
13:30:28.13787011, 1.2867E+01, 1.0067E+01, 8.0267E+01,
13:30:28.13787031, 1.2833E+01, 1.0067E+01, 8.0533E+01,
13:30:28.13787051, 1.2867E+01, 1.0000E+01, 8.0800E+01,
13:30:28.13787071, 1.2867E+01, 9.9333E+00, 8.1067E+01,
13:30:28.13787091, 1.2867E+01, 9.9333E+00, 8.0933E+01,
13:30:28.13787111, 1.2833E+01, 9.9333E+00, 8.1467E+01,
13:30:28.13787131, 1.2767E+01, 1.0067E+01, 8.1467E+01,
13:30:28.13787151, 1.2867E+01, 1.0000E+01, 8.1467E+01,
13:30:28.13787171, 1.2900E+01, 9.9333E+00, 8.1467E+01,
13:30:28.13787191, 1.2967E+01, 9.9333E+00, 8.1333E+01,
13:30:28.13787211, 1.2900E+01, 1.0067E+01, 8.1733E+01,
13:30:28.13787231, 1.2800E+01, 9.9333E+00, 8.1733E+01,
13:30:28.13787251, 1.2867E+01, 9.9333E+00, 8.1733E+01,
13:30:28.13787271, 1.2833E+01, 9.9333E+00, 8.1867E+01,
13:30:28.13787291, 1.2900E+01, 1.0067E+01, 8.1867E+01,
13:30:28.13787311, 1.2867E+01, 9.9333E+00, 8.1867E+01,
13:30:28.13787331, 1.2867E+01, 9.9333E+00, 8.2267E+01,
13:30:28.13787351, 1.2833E+01, 9.9333E+00, 8.2400E+01,
13:30:28.13787371, 1.2833E+01, 9.9333E+00, 8.2267E+01,
13:30:28.13787391, 1.2833E+01, 9.8000E+00, 8.2533E+01,
13:30:28.13787411, 1.2833E+01, 9.9333E+00, 8.2667E+01,
13:30:28.13787431, 1.2933E+01, 9.8667E+00, 8.2667E+01,
13:30:28.13787451, 1.2933E+01, 1.0067E+01, 8.2800E+01,
13:30:28.13787471, 1.2900E+01, 9.8667E+00, 8.2667E+01,
13:30:28.13787491, 1.2833E+01, 9.9333E+00, 8.2800E+01,
13:30:28.13787511, 1.2833E+01, 9.9333E+00, 8.2933E+01,
13:30:28.13787531, 1.2933E+01, 9.9333E+00, 8.2933E+01,
13:30:28.13787551, 1.2833E+01, 9.9333E+00, 8.3467E+01,
13:30:28.13787571, 1.2933E+01, 9.9333E+00, 8.3067E+01,
13:30:28.13787591, 1.2833E+01, 9.9333E+00, 8.3333E+01,
13:30:28.13787611, 1.2833E+01, 9.9333E+00, 8.3467E+01,
13:30:28.13787631, 1.2867E+01, 9.9333E+00, 8.3867E+01,
13:30:28.13787651, 1.2833E+01, 9.9333E+00, 8.4000E+01,
13:30:28.13787671, 1.2967E+01, 1.0000E+01, 8.3733E+01,
13:30:28.13787691, 1.2767E+01, 9.9333E+00, 8.4000E+01,
13:30:28.13787711, 1.2900E+01, 9.9333E+00, 8.3733E+01,
13:30:28.13787731, 1.2833E+01, 1.0067E+01, 8.3733E+01,
13:30:28.13787751, 1.2833E+01, 9.8667E+00, 8.4000E+01,
13:30:28.13787771, 1.2800E+01, 9.9333E+00, 8.4133E+01,
13:30:28.13787791, 1.2900E+01, 1.0000E+01, 8.4667E+01,
13:30:28.13787811, 1.2867E+01, 9.7333E+00, 8.4267E+01,
13:30:28.13787831, 1.2767E+01, 1.0000E+01, 8.4133E+01,
13:30:28.13787851, 1.1233E+01, 1.1067E+01, 8.4400E+01,
13:30:28.13787871, 1.6667E+00, 1.4800E+01, 8.4667E+01,
13:30:28.13787891, 9.6667E-01, 1.5667E+01, 8.4667E+01,
13:30:28.13787911, 9.0000E-01, 1.6267E+01, 8.4667E+01,
13:30:28.13787931, 9.3333E-01, 1.7000E+01, 8.4800E+01,
13:30:28.13787951, 1.0000E+00, 1.7667E+01, 8.4800E+01,
13:30:28.13787971, 9.6667E-01, 1.8200E+01, 8.4800E+01,
13:30:28.13787991, 9.6667E-01, 1.8600E+01, 8.5067E+01,
13:30:28.13788011, 1.0333E+00, 1.9333E+01, 8.4533E+01,
13:30:28.13788031, 9.6667E-01, 1.9600E+01, 8.4800E+01,
13:30:28.13788051, 9.6667E-01, 1.9867E+01, 8.4800E+01,
13:30:28.13788071, 9.3333E-01, 2.0267E+01, 8.4800E+01,
13:30:28.13788091, 8.3333E-01, 2.0400E+01, 8.4933E+01,
13:30:28.13788111, 8.3333E-01, 2.0533E+01, 8.4400E+01,
13:30:28.13788131, 7.3333E-01, 2.0467E+01, 8.4267E+01,
13:30:28.13788151, 7.0000E-01, 2.0333E+01, 8.4133E+01,
13:30:28.13788171, 6.6667E-01, 2.0267E+01, 8.4000E+01,
13:30:28.13788191, 6.0000E-01, 1.9733E+01, 8.3733E+01,
13:30:28.13788211, 5.0000E-01, 1.9000E+01, 8.3467E+01,
13:30:28.13788231, 4.6667E-01, 1.8600E+01, 8.3467E+01,
13:30:28.13788251, 4.3333E-01, 1.7800E+01, 8.3200E+01,
13:30:28.13788271, 3.0000E-01, 1.7000E+01, 8.2667E+01,
13:30:28.13788291, 2.6667E-01, 1.6133E+01, 8.2533E+01,
13:30:28.13788311, 1.0000E-01, 1.5400E+01, 8.2267E+01,
13:30:28.13788331, 1.0000E-01, 1.4600E+01, 8.1733E+01,
13:30:28.13788351, 0.0000E+00, 1.3800E+01, 8.1467E+01,
13:30:28.13788371,-6.6667E-02, 1.2933E+01, 8.0933E+01,
13:30:28.13788391,-1.0000E-01, 1.2400E+01, 8.0400E+01,
13:30:28.13788411,-2.0000E-01, 1.1533E+01, 8.0267E+01,
13:30:28.13788431,-2.3333E-01, 1.1000E+01, 7.9867E+01,
13:30:28.13788451,-3.0000E-01, 1.0467E+01, 7.9200E+01,
13:30:28.13788471,-3.3333E-01, 1.0133E+01, 7.9067E+01,
13:30:28.13788491,-4.0000E-01, 9.7333E+00, 7.8667E+01,
13:30:28.13788511,-4.0000E-01, 9.2667E+00, 7.8533E+01,
13:30:28.13788531,-4.3333E-01, 9.0667E+00, 7.8000E+01,
13:30:28.13788551,-4.3333E-01, 8.6000E+00, 7.7467E+01,
13:30:28.13788571,-4.6667E-01, 8.6000E+00, 7.7333E+01,
13:30:28.13788591,-4.6667E-01, 8.2000E+00, 7.6667E+01,
13:30:28.13788611,-5.6667E-01, 8.0667E+00, 7.6667E+01,
13:30:28.13788631,-5.3333E-01, 7.9333E+00, 7.6267E+01,
13:30:28.13788651,-5.3333E-01, 7.9333E+00, 7.5867E+01,
13:30:28.13788671,-5.0000E-01, 7.8667E+00, 7.5200E+01,
13:30:28.13788691,-5.6667E-01, 7.6000E+00, 7.5200E+01,
13:30:28.13788711,-5.6667E-01, 7.6000E+00, 7.4933E+01,
13:30:28.13788731,-5.3333E-01, 7.6000E+00, 7.4400E+01,
13:30:28.13788751,-5.0000E-01, 7.4000E+00, 7.4267E+01,
13:30:28.13788771,-4.3333E-01, 7.6000E+00, 7.3733E+01,
13:30:28.13788791,-4.6667E-01, 7.5333E+00, 7.3867E+01,
13:30:28.13788811,-4.6667E-01, 7.5333E+00, 7.3200E+01,
13:30:28.13788831,-4.3333E-01, 7.6000E+00, 7.2800E+01,
13:30:28.13788851,-4.6667E-01, 7.5333E+00, 7.2400E+01,
13:30:28.13788871,-4.3333E-01, 7.8667E+00, 7.2533E+01,
13:30:28.13788891,-4.3333E-01, 7.9333E+00, 7.2133E+01,
13:30:28.13788911,-3.6667E-01, 8.0000E+00, 7.2000E+01,
13:30:28.13788931,-4.0000E-01, 8.2000E+00, 7.1467E+01,
13:30:28.13788951,-2.6667E-01, 8.5333E+00, 7.1600E+01,
13:30:28.13788971,-3.3333E-01, 8.6667E+00, 7.1733E+01,
13:30:28.13788991,-3.3333E-01, 8.9333E+00, 7.1200E+01,
13:30:28.13789011,-2.3333E-01, 9.2667E+00, 7.1067E+01,
13:30:28.13789031,-2.3333E-01, 9.4000E+00, 7.0800E+01,
13:30:28.13789051,-2.3333E-01, 9.5333E+00, 7.0267E+01,
13:30:28.13789071,-2.0000E-01, 9.8000E+00, 7.0533E+01,
13:30:28.13789091,-2.3333E-01, 1.0067E+01, 7.0267E+01,
13:30:28.13789111,-1.0000E-01, 1.0467E+01, 7.0133E+01,
13:30:28.13789131,-2.0000E-01, 1.0400E+01, 6.9600E+01,
13:30:28.13789151,-1.0000E-01, 1.0800E+01, 6.9467E+01,
13:30:28.13789171,-1.0000E-01, 1.0933E+01, 6.9200E+01,
13:30:28.13789191, 0.0000E+00, 1.0867E+01, 6.9200E+01,
13:30:28.13789211, 3.3333E-02, 1.1133E+01, 6.8800E+01,
13:30:28.13789231, 0.0000E+00, 1.1267E+01, 6.8933E+01,
13:30:28.13789251,-3.3333E-02, 1.1467E+01, 6.8400E+01,
13:30:28.13789271,-1.0000E-01, 1.1467E+01, 6.8000E+01,
13:30:28.13789291, 0.0000E+00, 1.1667E+01, 6.8533E+01,
13:30:28.13789311,-3.3333E-02, 1.1533E+01, 6.8000E+01,
13:30:28.13789331, 3.3333E-02, 1.1667E+01, 6.7600E+01,
13:30:28.13789351,-3.3333E-02, 1.1733E+01, 6.7067E+01,
13:30:28.13789371,-6.6667E-02, 1.1533E+01, 6.7467E+01,
13:30:28.13789391,-3.3333E-02, 1.1600E+01, 6.7067E+01,
13:30:28.13789411,-1.0000E-01, 1.1467E+01, 6.6667E+01,
13:30:28.13789431, 0.0000E+00, 1.1667E+01, 6.6533E+01,
13:30:28.13789451, 3.3333E-02, 1.1467E+01, 6.6400E+01,
13:30:28.13789471,-3.3333E-02, 1.1333E+01, 6.6267E+01,
13:30:28.13789491,-3.3333E-02, 1.1333E+01, 6.5867E+01,
13:30:28.13789511,-1.0000E-01, 1.1200E+01, 6.5600E+01,
13:30:28.13789531, 0.0000E+00, 1.1067E+01, 6.5467E+01,
13:30:28.13789551,-6.6667E-02, 1.0867E+01, 6.5067E+01,
13:30:28.13789571,-6.6667E-02, 1.0733E+01, 6.4667E+01,
13:30:28.13789591, 0.0000E+00, 1.0667E+01, 6.4667E+01,
13:30:28.13789611,-3.3333E-02, 1.0467E+01, 6.4400E+01,
13:30:28.13789631,-1.0000E-01, 1.0400E+01, 6.4000E+01,
13:30:28.13789651,-1.3333E-01, 1.0267E+01, 6.3733E+01,
13:30:28.13789671,-1.0000E-01, 1.0067E+01, 6.3867E+01,
13:30:28.13789691,-1.3333E-01, 9.9333E+00, 6.3333E+01,
13:30:28.13789711,-1.6667E-01, 1.0000E+01, 6.3200E+01,
13:30:28.13789731,-1.3333E-01, 9.8667E+00, 6.2800E+01,
13:30:28.13789751,-1.6667E-01, 9.8667E+00, 6.2933E+01,
13:30:28.13789771,-1.0000E-01, 9.7333E+00, 6.2400E+01,
13:30:28.13789791,-2.0000E-01, 9.6000E+00, 6.2267E+01,
13:30:28.13789811,-1.6667E-01, 9.6000E+00, 6.2133E+01,
13:30:28.13789831,-6.6667E-02, 9.8000E+00, 6.1867E+01,
13:30:28.13789851,-2.0000E-01, 9.6000E+00, 6.1467E+01,
13:30:28.13789871,-1.0000E-01, 9.4000E+00, 6.1600E+01,
13:30:28.13789891,-1.6667E-01, 9.5333E+00, 6.1067E+01,
13:30:28.13789911,-1.6667E-01, 9.4667E+00, 6.0933E+01,
13:30:28.13789931,-1.3333E-01, 9.6667E+00, 6.0667E+01,
13:30:28.13789951,-6.6667E-02, 9.6000E+00, 6.0800E+01,
13:30:28.13789971,-1.3333E-01, 9.8000E+00, 6.0400E+01,
13:30:28.13789991,-6.6667E-02, 9.6000E+00, 6.0133E+01,
13:30:28.13790011,-6.6667E-02, 9.6667E+00, 6.0000E+01,
13:30:28.13790031,-1.0000E-01, 9.8000E+00, 5.9733E+01,
13:30:28.13790051, 0.0000E+00, 9.9333E+00, 5.9333E+01,
13:30:28.13790071,-1.0000E-01, 9.9333E+00, 5.9333E+01,
13:30:28.13790091,-6.6667E-02, 9.9333E+00, 5.9067E+01,
13:30:28.13790111,-1.3333E-01, 1.0200E+01, 5.8667E+01,
13:30:28.13790131,-1.0000E-01, 1.0067E+01, 5.8667E+01,
13:30:28.13790151,-1.0000E-01, 1.0267E+01, 5.8400E+01,
13:30:28.13790171,-1.0000E-01, 1.0333E+01, 5.8133E+01,
13:30:28.13790191,-3.3333E-02, 1.0467E+01, 5.8267E+01,
13:30:28.13790211, 0.0000E+00, 1.0467E+01, 5.8000E+01,
13:30:28.13790231,-6.6667E-02, 1.0600E+01, 5.7467E+01,
13:30:28.13790251, 0.0000E+00, 1.0533E+01, 5.7600E+01,
13:30:28.13790271,-3.3333E-02, 1.0600E+01, 5.7200E+01,
13:30:28.13790291,-6.6667E-02, 1.0600E+01, 5.7067E+01,
13:30:28.13790311, 3.3333E-02, 1.0667E+01, 5.6800E+01,
13:30:28.13790331, 0.0000E+00, 1.0600E+01, 5.6800E+01,
13:30:28.13790351, 3.3333E-02, 1.0667E+01, 5.6800E+01,
13:30:28.13790371, 0.0000E+00, 1.0667E+01, 5.6667E+01,
13:30:28.13790391,-6.6667E-02, 1.0733E+01, 5.6133E+01,
13:30:28.13790411, 0.0000E+00, 1.0667E+01, 5.5867E+01,
13:30:28.13790431, 0.0000E+00, 1.0600E+01, 5.6000E+01,
13:30:28.13790451, 0.0000E+00, 1.0667E+01, 5.5867E+01,
13:30:28.13790471,-6.6667E-02, 1.0667E+01, 5.5600E+01,
13:30:28.13790491,-3.3333E-02, 1.0667E+01, 5.5200E+01,
13:30:28.13790511,-6.6667E-02, 1.0333E+01, 5.5333E+01,
13:30:28.13790531,-3.3333E-02, 1.0400E+01, 5.5067E+01,
13:30:28.13790551,-3.3333E-02, 1.0467E+01, 5.4933E+01,
13:30:28.13790571,-3.3333E-02, 1.0467E+01, 5.4667E+01,
13:30:28.13790591,-1.0000E-01, 1.0267E+01, 5.4267E+01,
13:30:28.13790611,-1.0000E-01, 1.0333E+01, 5.4267E+01,
13:30:28.13790631, 0.0000E+00, 1.0333E+01, 5.4133E+01,
13:30:28.13790651,-6.6667E-02, 1.0200E+01, 5.3600E+01,
13:30:28.13790671,-6.6667E-02, 1.0067E+01, 5.3333E+01,
13:30:28.13790691,-6.6667E-02, 1.0133E+01, 5.3467E+01,
13:30:28.13790711,-6.6667E-02, 1.0000E+01, 5.3333E+01,
13:30:28.13790731,-6.6667E-02, 9.9333E+00, 5.2800E+01,
13:30:28.13790751,-1.0000E-01, 1.0000E+01, 5.2933E+01,
13:30:28.13790771, 3.3333E-02, 9.9333E+00, 5.2667E+01,
13:30:28.13790791,-6.6667E-02, 9.9333E+00, 5.2267E+01,
13:30:28.13790811, 0.0000E+00, 1.0067E+01, 5.2533E+01,
13:30:28.13790831,-3.3333E-02, 1.0000E+01, 5.1733E+01,
13:30:28.13790851,-6.6667E-02, 1.0000E+01, 5.2000E+01,
13:30:28.13790871, 3.3333E-02, 9.8000E+00, 5.1600E+01,
13:30:28.13790891,-3.3333E-02, 9.9333E+00, 5.1333E+01,
13:30:28.13790911, 3.3333E-02, 9.9333E+00, 5.1333E+01,
13:30:28.13790931,-1.0000E-01, 1.0000E+01, 5.0933E+01,
13:30:28.13790951,-6.6667E-02, 1.0000E+01, 5.1200E+01,
13:30:28.13790971, 0.0000E+00, 1.0067E+01, 5.0933E+01,
13:30:28.13790991, 0.0000E+00, 1.0067E+01, 5.0667E+01,
13:30:28.13791011, 0.0000E+00, 1.0067E+01, 5.0533E+01,
13:30:28.13791031,-3.3333E-02, 1.0200E+01, 5.0533E+01,
13:30:28.13791051,-3.3333E-02, 1.0133E+01, 5.0000E+01,
13:30:28.13791071, 3.3333E-02, 1.0200E+01, 4.9867E+01,
13:30:28.13791091,-6.6667E-02, 1.0133E+01, 5.0000E+01,
13:30:28.13791111,-3.3333E-02, 1.0133E+01, 4.9867E+01,
13:30:28.13791131, 3.3333E-02, 1.0333E+01, 4.9467E+01,
13:30:28.13791151,-3.3333E-02, 1.0133E+01, 4.9333E+01,
13:30:28.13791171,-3.3333E-02, 1.0267E+01, 4.9200E+01,
13:30:28.13791191, 0.0000E+00, 1.0400E+01, 4.8800E+01,
13:30:28.13791211, 0.0000E+00, 1.0267E+01, 4.9067E+01,
13:30:28.13791231, 3.3333E-02, 1.0333E+01, 4.8400E+01,
13:30:28.13791251, 3.3333E-02, 1.0467E+01, 4.8400E+01,
13:30:28.13791271, 1.0000E-01, 1.0267E+01, 4.8400E+01,
13:30:28.13791291, 3.3333E-02, 1.0467E+01, 4.8000E+01,
13:30:28.13791311,-3.3333E-02, 1.0333E+01, 4.8000E+01,
13:30:28.13791331,-3.3333E-02, 1.0267E+01, 4.7867E+01,
13:30:28.13791351,-3.3333E-02, 1.0400E+01, 4.7733E+01,
13:30:28.13791371, 3.3333E-02, 1.0400E+01, 4.7333E+01,
13:30:28.13791391, 6.6667E-02, 1.0333E+01, 4.7200E+01,
13:30:28.13791411, 3.3333E-02, 1.0400E+01, 4.7200E+01,
13:30:28.13791431, 6.6667E-02, 1.0333E+01, 4.6933E+01,
13:30:28.13791451, 0.0000E+00, 1.0333E+01, 4.6933E+01,
13:30:28.13791471, 3.3333E-02, 1.0400E+01, 4.6533E+01,
13:30:28.13791491, 6.6667E-02, 1.0333E+01, 4.6267E+01,
13:30:28.13791511,-6.6667E-02, 1.0333E+01, 4.6267E+01,
13:30:28.13791531, 3.3333E-02, 1.0267E+01, 4.6267E+01,
13:30:28.13791551,-3.3333E-02, 1.0467E+01, 4.6000E+01,
13:30:28.13791571, 0.0000E+00, 1.0267E+01, 4.5867E+01,
13:30:28.13791591, 1.0000E-01, 1.0133E+01, 4.5733E+01,
13:30:28.13791611, 6.6667E-02, 1.0133E+01, 4.5467E+01,
13:30:28.13791631, 0.0000E+00, 1.0133E+01, 4.5333E+01,
13:30:28.13791651, 3.3333E-02, 1.0133E+01, 4.4933E+01,
13:30:28.13791671,-6.6667E-02, 1.0133E+01, 4.5333E+01,
13:30:28.13791691, 0.0000E+00, 1.0133E+01, 4.5200E+01,
13:30:28.13791711,-1.0000E-01, 1.0067E+01, 4.4533E+01,
13:30:28.13791731,-6.6667E-02, 1.0267E+01, 4.4667E+01,
13:30:28.13791751, 0.0000E+00, 1.0067E+01, 4.4400E+01,
13:30:28.13791771, 0.0000E+00, 1.0133E+01, 4.4267E+01,
13:30:28.13791791, 6.6667E-02, 1.0000E+01, 4.4267E+01,
13:30:28.13791811,-3.3333E-02, 1.0067E+01, 4.4000E+01,
13:30:28.13791831, 6.6667E-02, 1.0133E+01, 4.4000E+01,
13:30:28.13791851,-3.3333E-02, 1.0133E+01, 4.3733E+01,
13:30:28.13791871, 3.3333E-02, 1.0133E+01, 4.3733E+01,
13:30:28.13791891, 0.0000E+00, 1.0133E+01, 4.3467E+01,
13:30:28.13791911, 3.3333E-02, 1.0133E+01, 4.3200E+01,
13:30:28.13791931, 3.3333E-02, 1.0133E+01, 4.3333E+01,
13:30:28.13791951, 6.6667E-02, 1.0133E+01, 4.3067E+01,
13:30:28.13791971,-6.6667E-02, 1.0000E+01, 4.2800E+01,
13:30:28.13791991,-6.6667E-02, 1.0200E+01, 4.3067E+01,
13:30:28.13792011, 0.0000E+00, 1.0133E+01, 4.2667E+01,
13:30:28.13792031, 6.6667E-02, 1.0200E+01, 4.2400E+01,
13:30:28.13792051, 3.3333E-02, 1.0133E+01, 4.2267E+01,
13:30:28.13792071, 3.3333E-02, 1.0333E+01, 4.2133E+01,
13:30:28.13792091, 6.6667E-02, 1.0200E+01, 4.2000E+01,
13:30:28.13792111, 0.0000E+00, 1.0267E+01, 4.1733E+01,
13:30:28.13792131,-3.3333E-02, 1.0400E+01, 4.1867E+01,
13:30:28.13792151, 6.6667E-02, 1.0267E+01, 4.1333E+01,
13:30:28.13792171, 6.6667E-02, 1.0133E+01, 4.1733E+01,
13:30:28.13792191, 3.3333E-02, 1.0267E+01, 4.1467E+01,
13:30:28.13792211, 3.3333E-02, 1.0133E+01, 4.0933E+01,
13:30:28.13792231, 3.3333E-02, 1.0200E+01, 4.0933E+01,
13:30:28.13792251, 0.0000E+00, 1.0267E+01, 4.1067E+01,
13:30:28.13792271, 3.3333E-02, 1.0200E+01, 4.0800E+01,
13:30:28.13792291,-3.3333E-02, 1.0200E+01, 4.0667E+01,
13:30:28.13792311, 3.3333E-02, 1.0333E+01, 4.0400E+01,
13:30:28.13792331,-3.3333E-02, 1.0200E+01, 4.0267E+01,
13:30:28.13792351, 3.3333E-02, 1.0267E+01, 3.9867E+01,
13:30:28.13792371,-3.3333E-02, 1.0200E+01, 4.0133E+01,
13:30:28.13792391, 0.0000E+00, 1.0333E+01, 3.9733E+01,
13:30:28.13792411,-3.3333E-02, 1.0133E+01, 3.9733E+01,
13:30:28.13792431, 0.0000E+00, 1.0200E+01, 3.9467E+01,
13:30:28.13792451, 0.0000E+00, 1.0267E+01, 3.9467E+01,
13:30:28.13792471, 3.3333E-02, 1.0200E+01, 3.9200E+01,
13:30:28.13792491, 0.0000E+00, 1.0267E+01, 3.9200E+01,
13:30:28.13792511, 6.6667E-02, 1.0133E+01, 3.9067E+01,
13:30:28.13792531, 0.0000E+00, 1.0200E+01, 3.9067E+01,
13:30:28.13792551, 0.0000E+00, 1.0133E+01, 3.8933E+01,
13:30:28.13792571, 0.0000E+00, 1.0133E+01, 3.8667E+01,
13:30:28.13792591, 0.0000E+00, 1.0067E+01, 3.8533E+01,
13:30:28.13792611,-6.6667E-02, 1.0200E+01, 3.8400E+01,
13:30:28.13792631, 6.6667E-02, 1.0067E+01, 3.8400E+01,
13:30:28.13792651, 6.6667E-02, 1.0267E+01, 3.8133E+01,
13:30:28.13792671, 3.3333E-02, 1.0267E+01, 3.8000E+01,
13:30:28.13792691, 0.0000E+00, 1.0267E+01, 3.7733E+01,
13:30:28.13792711,-3.3333E-02, 1.0067E+01, 3.7867E+01,
13:30:28.13792731, 6.6667E-02, 1.0267E+01, 3.7733E+01,
13:30:28.13792751, 0.0000E+00, 1.0200E+01, 3.7600E+01,
13:30:28.13792771,-3.3333E-02, 1.0200E+01, 3.7600E+01,
13:30:28.13792791,-6.6667E-02, 1.0200E+01, 3.7467E+01,
13:30:28.13792811,-6.6667E-02, 1.0067E+01, 3.7200E+01,
13:30:28.13792831, 3.3333E-02, 1.0267E+01, 3.7067E+01,
13:30:28.13792851, 3.3333E-02, 1.0200E+01, 3.6933E+01,
13:30:28.13792871, 0.0000E+00, 1.0200E+01, 3.6800E+01,
13:30:28.13792891, 1.0000E-01, 1.0200E+01, 3.6400E+01,
13:30:28.13792911, 0.0000E+00, 1.0133E+01, 3.6533E+01,
13:30:28.13792931, 6.6667E-02, 1.0067E+01, 3.6133E+01,
13:30:28.13792951,-3.3333E-02, 1.0200E+01, 3.6400E+01,
13:30:28.13792971, 6.6667E-02, 1.0133E+01, 3.6267E+01,
13:30:28.13792991,-6.6667E-02, 1.0200E+01, 3.6000E+01,
13:30:28.13793011,-3.3333E-02, 1.0200E+01, 3.5733E+01,
13:30:28.13793031, 0.0000E+00, 1.0200E+01, 3.5867E+01,
13:30:28.13793051, 3.3333E-02, 1.0200E+01, 3.5733E+01,
13:30:28.13793071, 0.0000E+00, 1.0267E+01, 3.5333E+01,
13:30:28.13793091, 6.6667E-02, 1.0200E+01, 3.5467E+01,
13:30:28.13793111, 3.3333E-02, 1.0200E+01, 3.5733E+01,
13:30:28.13793131, 3.3333E-02, 1.0067E+01, 3.5333E+01,
13:30:28.13793151, 0.0000E+00, 1.0267E+01, 3.5067E+01,
13:30:28.13793171, 3.3333E-02, 1.0200E+01, 3.5067E+01,
13:30:28.13793191, 3.3333E-02, 1.0200E+01, 3.4933E+01,
13:30:28.13793211, 6.6667E-02, 1.0267E+01, 3.4400E+01,
13:30:28.13793231, 0.0000E+00, 1.0267E+01, 3.4533E+01,
13:30:28.13793251, 0.0000E+00, 1.0133E+01, 3.4533E+01,
13:30:28.13793271, 6.6667E-02, 1.0200E+01, 3.4267E+01,
13:30:28.13793291, 0.0000E+00, 1.0200E+01, 3.4400E+01,
13:30:28.13793311, 3.3333E-02, 1.0133E+01, 3.4267E+01,
13:30:28.13793331, 1.0000E-01, 1.0200E+01, 3.4000E+01,
13:30:28.13793351, 0.0000E+00, 1.0133E+01, 3.3867E+01,
13:30:28.13793371, 0.0000E+00, 1.0133E+01, 3.3867E+01,
13:30:28.13793391, 6.6667E-02, 1.0200E+01, 3.3600E+01,
13:30:28.13793411,-1.0000E-01, 1.0067E+01, 3.3333E+01,
13:30:28.13793431, 3.3333E-02, 1.0200E+01, 3.3333E+01,
13:30:28.13793451,-3.3333E-02, 1.0200E+01, 3.3333E+01,
13:30:28.13793471, 6.6667E-02, 1.0200E+01, 3.3333E+01,
13:30:28.13793491, 0.0000E+00, 1.0133E+01, 3.3200E+01,
13:30:28.13793511, 0.0000E+00, 1.0133E+01, 3.2933E+01,
13:30:28.13793531, 0.0000E+00, 1.0200E+01, 3.3200E+01,
13:30:28.13793551, 0.0000E+00, 1.0133E+01, 3.2933E+01,
13:30:28.13793571, 3.3333E-02, 1.0067E+01, 3.2933E+01,
13:30:28.13793591, 6.6667E-02, 1.0133E+01, 3.2267E+01,
13:30:28.13793611, 0.0000E+00, 1.0200E+01, 3.2400E+01,
13:30:28.13793631, 0.0000E+00, 1.0133E+01, 3.2267E+01,
13:30:28.13793651, 6.6667E-02, 1.0067E+01, 3.2267E+01,
13:30:28.13793671,-3.3333E-02, 1.0200E+01, 3.2133E+01,
13:30:28.13793691, 0.0000E+00, 1.0200E+01, 3.2133E+01,
13:30:28.13793711, 6.6667E-02, 1.0200E+01, 3.2000E+01,
13:30:28.13793731, 3.3333E-02, 1.0267E+01, 3.1600E+01,
13:30:28.13793751, 6.6667E-02, 1.0133E+01, 3.1733E+01,
13:30:28.13793771, 0.0000E+00, 1.0200E+01, 3.1733E+01,
13:30:28.13793791, 6.6667E-02, 1.0200E+01, 3.1600E+01,
13:30:28.13793811,-3.3333E-02, 1.0200E+01, 3.1600E+01,
13:30:28.13793831, 3.3333E-02, 1.0200E+01, 3.1600E+01,
13:30:28.13793851,-3.3333E-02, 1.0200E+01, 3.1200E+01,
13:30:28.13793871, 3.3333E-02, 1.0067E+01, 3.1067E+01,
13:30:28.13793891, 3.3333E-02, 1.0200E+01, 3.1067E+01,
13:30:28.13793911,-3.3333E-02, 1.0400E+01, 3.0800E+01,
13:30:28.13793931,-6.6667E-02, 1.0133E+01, 3.0667E+01,
13:30:28.13793951, 3.3333E-02, 1.0267E+01, 3.0800E+01,
13:30:28.13793971, 0.0000E+00, 1.0200E+01, 3.0533E+01,
13:30:28.13793991, 6.6667E-02, 1.0267E+01, 3.0400E+01,
13:30:28.13794011, 0.0000E+00, 1.0133E+01, 3.0400E+01,
13:30:28.13794031, 6.6667E-02, 1.0133E+01, 3.0400E+01,
13:30:28.13794051, 3.3333E-02, 1.0267E+01, 3.0000E+01,
13:30:28.13794071, 1.0000E-01, 1.0067E+01, 3.0000E+01,
13:30:28.13794091, 3.3333E-02, 1.0133E+01, 3.0000E+01,
13:30:28.13794111, 3.3333E-02, 1.0333E+01, 2.9600E+01,
13:30:28.13794131, 0.0000E+00, 1.0200E+01, 2.9467E+01,
13:30:28.13794151, 3.3333E-02, 1.0067E+01, 2.9600E+01,
13:30:28.13794171, 3.3333E-02, 1.0200E+01, 2.9733E+01,
13:30:28.13794191,-3.3333E-02, 1.0200E+01, 2.9333E+01,
13:30:28.13794211, 6.6667E-02, 1.0200E+01, 2.9467E+01,
13:30:28.13794231, 1.0000E-01, 1.0200E+01, 2.9333E+01,
13:30:28.13794251, 3.3333E-02, 1.0267E+01, 2.9067E+01,
13:30:28.13794271, 3.3333E-02, 1.0200E+01, 2.9200E+01,
13:30:28.13794291,-1.0000E-01, 1.0133E+01, 2.8800E+01,
13:30:28.13794311, 0.0000E+00, 1.0133E+01, 2.8933E+01,
13:30:28.13794331, 3.3333E-02, 1.0267E+01, 2.8533E+01,
13:30:28.13794351, 3.3333E-02, 1.0200E+01, 2.8533E+01,
13:30:28.13794371,-3.3333E-02, 1.0133E+01, 2.8533E+01,
13:30:28.13794391,-3.3333E-02, 1.0133E+01, 2.8267E+01,
13:30:28.13794411, 0.0000E+00, 1.0200E+01, 2.8267E+01,
13:30:28.13794431, 0.0000E+00, 1.0267E+01, 2.8400E+01,
13:30:28.13794451, 3.3333E-02, 1.0200E+01, 2.8000E+01,
13:30:28.13794471, 3.3333E-02, 1.0133E+01, 2.8000E+01,
13:30:28.13794491,-3.3333E-02, 1.0067E+01, 2.8000E+01,
13:30:28.13794511, 3.3333E-02, 1.0200E+01, 2.8133E+01,
13:30:28.13794531,-3.3333E-02, 1.0067E+01, 2.7600E+01,
13:30:28.13794551, 3.3333E-02, 1.0267E+01, 2.8000E+01,
13:30:28.13794571, 3.3333E-02, 1.0200E+01, 2.7867E+01,
13:30:28.13794591, 6.6667E-02, 1.0067E+01, 2.7600E+01,
13:30:28.13794611, 6.6667E-02, 1.0267E+01, 2.7200E+01,
13:30:28.13794631, 3.3333E-02, 1.0200E+01, 2.7333E+01,
13:30:28.13794651, 6.6667E-02, 1.0133E+01, 2.7200E+01,
13:30:28.13794671,-6.6667E-02, 1.0067E+01, 2.7067E+01,
13:30:28.13794691,-3.3333E-02, 1.0133E+01, 2.6933E+01,
13:30:28.13794711, 3.3333E-02, 1.0267E+01, 2.6800E+01,
13:30:28.13794731, 6.6667E-02, 1.0133E+01, 2.6667E+01,
13:30:28.13794751, 3.3333E-02, 1.0133E+01, 2.6667E+01,
13:30:28.13794771,-6.6667E-02, 1.0267E+01, 2.6667E+01,
13:30:28.13794791, 0.0000E+00, 1.0267E+01, 2.6667E+01,
13:30:28.13794811, 1.3333E-01, 1.0133E+01, 2.6533E+01,
13:30:28.13794831,-3.3333E-02, 1.0200E+01, 2.6533E+01,
13:30:28.13794851, 3.3333E-02, 1.0200E+01, 2.6267E+01,
13:30:28.13794871, 3.3333E-02, 1.0267E+01, 2.6133E+01,
13:30:28.13794891, 3.3333E-02, 1.0267E+01, 2.6000E+01,
13:30:28.13794911,-3.3333E-02, 1.0333E+01, 2.6133E+01,
13:30:28.13794931, 1.0000E-01, 1.0200E+01, 2.6133E+01,
13:30:28.13794951,-3.3333E-02, 1.0200E+01, 2.6000E+01,
13:30:28.13794971, 1.0000E-01, 1.0133E+01, 2.6000E+01,
13:30:28.13794991, 0.0000E+00, 1.0133E+01, 2.5733E+01,
13:30:28.13795011, 3.3333E-02, 1.0200E+01, 2.5733E+01,
13:30:28.13795031, 0.0000E+00, 1.0267E+01, 2.5333E+01,
13:30:28.13795051, 3.3333E-02, 1.0133E+01, 2.5333E+01,
13:30:28.13795071, 3.3333E-02, 1.0133E+01, 2.5333E+01,
13:30:28.13795091, 6.6667E-02, 1.0200E+01, 2.5333E+01,
13:30:28.13795111, 3.3333E-02, 1.0200E+01, 2.5333E+01,
13:30:28.13795131, 0.0000E+00, 1.0200E+01, 2.5333E+01,
13:30:28.13795151, 0.0000E+00, 1.0000E+01, 2.5067E+01,
13:30:28.13795171, 1.3333E-01, 1.0133E+01, 2.4800E+01,
13:30:28.13795191,-3.3333E-02, 1.0067E+01, 2.4800E+01,
13:30:28.13795211,-3.3333E-02, 1.0200E+01, 2.4800E+01,
13:30:28.13795231, 6.6667E-02, 1.0133E+01, 2.4667E+01,
13:30:28.13795251, 3.3333E-02, 1.0133E+01, 2.4533E+01,
13:30:28.13795271, 1.0000E-01, 1.0067E+01, 2.4400E+01,
13:30:28.13795291,-3.3333E-02, 1.0067E+01, 2.4667E+01,
13:30:28.13795311, 6.6667E-02, 1.0200E+01, 2.4533E+01,
13:30:28.13795331, 3.3333E-02, 1.0333E+01, 2.4400E+01,
13:30:28.13795351,-3.3333E-02, 1.0333E+01, 2.4533E+01,
13:30:28.13795371, 3.3333E-02, 1.0267E+01, 2.4000E+01,
13:30:28.13795391, 0.0000E+00, 1.0200E+01, 2.4000E+01,
13:30:28.13795411, 6.6667E-02, 1.0067E+01, 2.3733E+01,
13:30:28.13795431, 0.0000E+00, 1.0000E+01, 2.4000E+01,
13:30:28.13795451, 0.0000E+00, 1.0200E+01, 2.3733E+01,
13:30:28.13795471, 0.0000E+00, 1.0133E+01, 2.3733E+01,
13:30:28.13795491, 0.0000E+00, 1.0333E+01, 2.3733E+01,
13:30:28.13795511, 0.0000E+00, 1.0200E+01, 2.3600E+01,
13:30:28.13795531, 0.0000E+00, 1.0133E+01, 2.3733E+01,
13:30:28.13795551, 6.6667E-02, 1.0200E+01, 2.2933E+01,
13:30:28.13795571, 0.0000E+00, 1.0067E+01, 2.3333E+01,
13:30:28.13795591, 0.0000E+00, 1.0267E+01, 2.3067E+01,
13:30:28.13795611, 3.3333E-02, 1.0200E+01, 2.3067E+01,
13:30:28.13795631, 0.0000E+00, 1.0200E+01, 2.3467E+01,
13:30:28.13795651, 6.6667E-02, 1.0200E+01, 2.3067E+01,
13:30:28.13795671, 3.3333E-02, 1.0133E+01, 2.2933E+01,
13:30:28.13795691,-3.3333E-02, 1.0200E+01, 2.2533E+01,
13:30:28.13795711, 6.6667E-02, 1.0333E+01, 2.2667E+01,
13:30:28.13795731,-6.6667E-02, 1.0200E+01, 2.2800E+01,
13:30:28.13795751, 3.3333E-02, 1.0133E+01, 2.2533E+01,
13:30:28.13795771,-6.6667E-02, 1.0200E+01, 2.2933E+01,
13:30:28.13795791, 0.0000E+00, 1.0200E+01, 2.2400E+01,
13:30:28.13795811, 0.0000E+00, 1.0133E+01, 2.2400E+01,
13:30:28.13795831, 0.0000E+00, 1.0200E+01, 2.2533E+01,
13:30:28.13795851, 3.3333E-02, 1.0200E+01, 2.2267E+01,
13:30:28.13795871, 3.3333E-02, 1.0133E+01, 2.2400E+01,
13:30:28.13795891,-3.3333E-02, 1.0333E+01, 2.2400E+01,
13:30:28.13795911, 3.3333E-02, 1.0200E+01, 2.2267E+01,
13:30:28.13795931,-3.3333E-02, 1.0200E+01, 2.2133E+01,
13:30:28.13795951, 0.0000E+00, 1.0267E+01, 2.1867E+01,
13:30:28.13795971, 3.3333E-02, 1.0067E+01, 2.2000E+01,
13:30:28.13795991, 6.6667E-02, 1.0267E+01, 2.1600E+01,
13:30:28.13796011, 3.3333E-02, 1.0200E+01, 2.1600E+01,
13:30:28.13796031, 6.6667E-02, 1.0000E+01, 2.1467E+01,
13:30:28.13796051,-3.3333E-02, 1.0200E+01, 2.1467E+01,
13:30:28.13796071,-3.3333E-02, 1.0200E+01, 2.1467E+01,
13:30:28.13796091,-3.3333E-02, 1.0133E+01, 2.1600E+01,
13:30:28.13796111, 0.0000E+00, 1.0200E+01, 2.1467E+01,
13:30:28.13796131, 3.3333E-02, 1.0267E+01, 2.1200E+01,
13:30:28.13796151, 3.3333E-02, 1.0000E+01, 2.1200E+01,
13:30:28.13796171, 3.3333E-02, 1.0200E+01, 2.1200E+01,
13:30:28.13796191, 0.0000E+00, 1.0333E+01, 2.1200E+01,
13:30:28.13796211, 3.3333E-02, 1.0133E+01, 2.1200E+01,
13:30:28.13796231,-3.3333E-02, 1.0133E+01, 2.1067E+01,
13:30:28.13796251, 6.6667E-02, 1.0200E+01, 2.1200E+01,
13:30:28.13796271, 3.3333E-02, 1.0067E+01, 2.1067E+01,
13:30:28.13796291, 6.6667E-02, 1.0333E+01, 2.0667E+01,
13:30:28.13796311, 0.0000E+00, 1.0200E+01, 2.0800E+01,
13:30:28.13796331, 3.3333E-02, 1.0267E+01, 2.0533E+01,
13:30:28.13796351, 0.0000E+00, 1.0067E+01, 2.0667E+01,
13:30:28.13796371, 0.0000E+00, 1.0200E+01, 2.0533E+01,
13:30:28.13796391, 6.6667E-02, 1.0400E+01, 2.0267E+01,
13:30:28.13796411, 1.0000E-01, 1.0200E+01, 2.0133E+01,
13:30:28.13796431, 3.3333E-02, 1.0267E+01, 2.0533E+01,
13:30:28.13796451, 0.0000E+00, 1.0333E+01, 2.0267E+01,
13:30:28.13796471, 0.0000E+00, 1.0200E+01, 2.0267E+01,
13:30:28.13796491, 0.0000E+00, 1.0333E+01, 2.0400E+01,
13:30:28.13796511, 3.3333E-02, 1.0133E+01, 2.0267E+01,
13:30:28.13796531, 6.6667E-02, 1.0267E+01, 1.9733E+01,
13:30:28.13796551, 3.3333E-02, 1.0267E+01, 1.9867E+01,
13:30:28.13796571, 0.0000E+00, 1.0200E+01, 1.9600E+01,
13:30:28.13796591, 0.0000E+00, 1.0333E+01, 1.9867E+01,
13:30:28.13796611, 0.0000E+00, 1.0133E+01, 1.9733E+01,
13:30:28.13796631, 3.3333E-02, 1.0200E+01, 1.9600E+01,
13:30:28.13796651, 3.3333E-02, 1.0200E+01, 1.9600E+01,
13:30:28.13796671, 6.6667E-02, 1.0200E+01, 1.9333E+01,
13:30:28.13796691, 3.3333E-02, 1.0200E+01, 1.9600E+01,
13:30:28.13796711, 6.6667E-02, 1.0067E+01, 1.9467E+01,
13:30:28.13796731, 0.0000E+00, 1.0400E+01, 1.9067E+01,
13:30:28.13796751, 1.0000E-01, 1.0267E+01, 1.9200E+01,
13:30:28.13796771, 1.0000E-01, 1.0200E+01, 1.8933E+01,
13:30:28.13796791,-3.3333E-02, 1.0200E+01, 1.9333E+01,
13:30:28.13796811,-3.3333E-02, 1.0133E+01, 1.9200E+01,
13:30:28.13796831, 3.3333E-02, 1.0200E+01, 1.8933E+01,
13:30:28.13796851,-3.3333E-02, 1.0067E+01, 1.8800E+01,
13:30:28.13796871, 6.6667E-02, 1.0267E+01, 1.8667E+01,
13:30:28.13796891, 3.3333E-02, 1.0200E+01, 1.9067E+01,
13:30:28.13796911, 6.6667E-02, 1.0067E+01, 1.8667E+01,
13:30:28.13796931, 3.3333E-02, 1.0267E+01, 1.8533E+01,
13:30:28.13796951, 6.6667E-02, 1.0333E+01, 1.8533E+01,
13:30:28.13796971, 0.0000E+00, 1.0067E+01, 1.8400E+01,
13:30:28.13796991,-3.3333E-02, 1.0133E+01, 1.8667E+01,
13:30:28.13797011, 3.3333E-02, 1.0067E+01, 1.8400E+01,
13:30:28.13797031, 0.0000E+00, 1.0133E+01, 1.8400E+01,
13:30:28.13797051, 0.0000E+00, 1.0133E+01, 1.8267E+01,
13:30:28.13797071, 3.3333E-02, 1.0067E+01, 1.8267E+01,
13:30:28.13797091, 3.3333E-02, 1.0067E+01, 1.8400E+01,
13:30:28.13797111, 3.3333E-02, 1.0067E+01, 1.8000E+01,
13:30:28.13797131, 0.0000E+00, 1.0200E+01, 1.8133E+01,
13:30:28.13797151, 6.6667E-02, 1.0067E+01, 1.8133E+01,
13:30:28.13797171, 0.0000E+00, 1.0333E+01, 1.7867E+01,
13:30:28.13797191, 0.0000E+00, 1.0267E+01, 1.8000E+01,
13:30:28.13797211,-3.3333E-02, 1.0267E+01, 1.8000E+01,
13:30:28.13797231, 3.3333E-02, 1.0333E+01, 1.7600E+01,
13:30:28.13797251,-3.3333E-02, 1.0133E+01, 1.7600E+01,
13:30:28.13797271, 0.0000E+00, 1.0200E+01, 1.7467E+01,
13:30:28.13797291, 6.6667E-02, 1.0200E+01, 1.7333E+01,
13:30:28.13797311, 3.3333E-02, 1.0133E+01, 1.7600E+01,
13:30:28.13797331, 6.6667E-02, 1.0267E+01, 1.7333E+01,
13:30:28.13797351, 0.0000E+00, 1.0200E+01, 1.7200E+01,
13:30:28.13797371,-3.3333E-02, 1.0267E+01, 1.7333E+01,
13:30:28.13797391, 3.3333E-02, 1.0200E+01, 1.7200E+01,
13:30:28.13797411, 3.3333E-02, 1.0200E+01, 1.6933E+01,
13:30:28.13797431, 3.3333E-02, 1.0133E+01, 1.7333E+01,
13:30:28.13797451, 3.3333E-02, 1.0200E+01, 1.7067E+01,
13:30:28.13797471, 3.3333E-02, 1.0133E+01, 1.7067E+01,
13:30:28.13797491,-3.3333E-02, 1.0200E+01, 1.7200E+01,
13:30:28.13797511, 0.0000E+00, 1.0133E+01, 1.6933E+01,
13:30:28.13797531, 3.3333E-02, 1.0333E+01, 1.7067E+01,
13:30:28.13797551, 0.0000E+00, 1.0200E+01, 1.6800E+01,
13:30:28.13797571, 0.0000E+00, 1.0067E+01, 1.7067E+01,
13:30:28.13797591,-3.3333E-02, 1.0200E+01, 1.6667E+01,
13:30:28.13797611, 3.3333E-02, 1.0333E+01, 1.6533E+01,
13:30:28.13797631, 6.6667E-02, 1.0200E+01, 1.7067E+01,
13:30:28.13797651, 3.3333E-02, 1.0200E+01, 1.6400E+01,
13:30:28.13797671, 6.6667E-02, 1.0467E+01, 1.6533E+01,
13:30:28.13797691,-6.6667E-02, 1.0200E+01, 1.6400E+01,
13:30:28.13797711, 6.6667E-02, 1.0200E+01, 1.6400E+01,
13:30:28.13797731, 0.0000E+00, 1.0200E+01, 1.6400E+01,
13:30:28.13797751, 0.0000E+00, 1.0133E+01, 1.6133E+01,
13:30:28.13797771, 6.6667E-02, 1.0133E+01, 1.5867E+01,
13:30:28.13797791,-3.3333E-02, 1.0200E+01, 1.6133E+01,
13:30:28.13797811, 3.3333E-02, 1.0267E+01, 1.6000E+01,
13:30:28.13797831, 6.6667E-02, 1.0133E+01, 1.5867E+01,
13:30:28.13797851, 1.0000E-01, 1.0133E+01, 1.5867E+01,
13:30:28.13797871, 3.3333E-02, 1.0067E+01, 1.5867E+01,
13:30:28.13797891, 0.0000E+00, 1.0133E+01, 1.5733E+01,
13:30:28.13797911, 3.3333E-02, 1.0200E+01, 1.5733E+01,
13:30:28.13797931, 6.6667E-02, 1.0267E+01, 1.5867E+01,
13:30:28.13797951,-3.3333E-02, 1.0133E+01, 1.5600E+01,
